인기 검색어,클릭수,노출,CTR,게재 순위
ev5 단점,11.0,97.0,0.1134,1.77
g90 풀체인지 출시일,8.0,52.0,0.15380000000000002,6.17
제네시스 g90 풀체인지 출시일,7.0,44.0,0.1591,5.11
bms a079,5.0,297.0,0.0168,5.21
6월 수입차 판매순위,5.0,46.0,0.10869999999999999,7.87
6월 수입차 판매량,5.0,40.0,0.125,4.15
g90 신형 출시일,5.0,28.0,0.17859999999999998,6.29
수입차 판매순위,4.0,425.0,0.009399999999999999,3.15
폴스타 3 실구매가,4.0,184.0,0.0217,7.4
bmw 할인 프로모션 2026,4.0,159.0,0.0252,7.31
bmw x4 단종,4.0,63.0,0.0635,3.03
x4 단종,4.0,51.0,0.0784,3.61
ev5 장단점,4.0,26.0,0.15380000000000002,1.77
첫차 추천,3.0,180.0,0.0167,6.65
a079,3.0,80.0,0.0375,6.28
테슬라 bms a079,3.0,72.0,0.0417,3.97
수입차 판매 순위,3.0,71.0,0.042300000000000004,3.27
bmw 프로모션,3.0,68.0,0.0441,13.09
수입차 판매량,3.0,58.0,0.051699999999999996,4.66
아우디 할인,3.0,53.0,0.056600000000000004,8.7
수입 전기차 종류,3.0,29.0,0.10339999999999999,2.07
테슬라 전기차 보조금 2026,3.0,24.0,0.125,7.17
사회초년생 첫차 추천,3.0,12.0,0.25,5.75
핫딜게시판,2.0,1228.0,0.0016,8.81
외제차 브랜드 순위,2.0,426.0,0.004699999999999999,1.38
테슬라 bms,2.0,240.0,0.0083,5.51
아우디 프로모션,2.0,189.0,0.0106,8.51
자동차 판매량,2.0,174.0,0.0115,7.84
폴스타3 가격,2.0,147.0,0.013600000000000001,8.01
전세계 자동차 판매량 순위 2026,2.0,98.0,0.0204,7.45
테슬라 배터리 이슈,2.0,68.0,0.0294,6.21
테슬라 bms 오류,2.0,47.0,0.0426,5.4
아반떼 장기렌트,2.0,40.0,0.05,5.28
테슬라 lfp 배터리,2.0,38.0,0.0526,4.92
테슬라 a079,2.0,38.0,0.0526,5.26
테슬라 배터리 종류,2.0,34.0,0.0588,3.94
아우디 프로모션 2026,2.0,28.0,0.07139999999999999,5.11
g90 페이스리프트 출시일,2.0,25.0,0.08,10.64
2026년 6월 자동차 판매량,2.0,24.0,0.0833,2.83
lfp ncm 비교,2.0,24.0,0.0833,7.71
폴스타 3 국내 가격,2.0,24.0,0.0833,7.79
벤츠 cla 전기차 가격,2.0,20.0,0.1,5.95
glb ev,2.0,19.0,0.10529999999999999,5.89
fsd 도입,2.0,14.0,0.1429,6.36
아우디 7월 프로모션,2.0,13.0,0.15380000000000002,5.46
bmw 7월 프로모션,2.0,13.0,0.15380000000000002,5.85
첫차추천,2.0,12.0,0.16670000000000001,7.0
폴스타3 주행거리,2.0,10.0,0.2,9.0
6월 전기차 판매량,2.0,9.0,0.22219999999999998,3.11
ev6 아이오닉5 비교,2.0,8.0,0.25,7.88
벤츠 7월 프로모션,2.0,6.0,0.3333,8.33
아우디 a3 프로모션,2.0,4.0,0.5,6.75
중국산 fsd,2.0,4.0,0.5,14.75
외제차 순위,1.0,142.0,0.006999999999999999,3.42
국산차 판매순위,1.0,115.0,0.0087,6.99
ev5,1.0,74.0,0.013500000000000002,27.3
아이오닉9 보조금,1.0,70.0,0.0143,8.61
자율주행 자동차 브랜드,1.0,66.0,0.0152,3.29
자동차 판매량 순위 2026,1.0,64.0,0.015600000000000001,5.94
국내 전기차 판매량 순위 2026,1.0,63.0,0.0159,9.13
국내 자동차 브랜드 판매량 순위,1.0,63.0,0.0159,9.27
수입차 판매량 순위,1.0,61.0,0.016399999999999998,2.95
국산 세단 순위,1.0,59.0,0.0169,3.88
아반떼 장기렌트 비용,1.0,57.0,0.0175,7.33
수입차 순위,1.0,55.0,0.0182,3.33
시라이언7,1.0,50.0,0.02,9.0
g80 신형,1.0,47.0,0.0213,3.77
수입 전기차 순위,1.0,47.0,0.0213,6.26
테슬라 실구매가 2026,1.0,46.0,0.0217,8.43
수입 전기차,1.0,35.0,0.0286,5.63
bmw x4 프로모션 가격,1.0,35.0,0.0286,8.89
아우디 할인 프로모션,1.0,32.0,0.031200000000000002,8.88
bmw 할인,1.0,32.0,0.031200000000000002,9.97
국내 수입차 판매순위,1.0,29.0,0.0345,4.07
테슬라 bms 에러,1.0,27.0,0.037000000000000005,6.81
테슬라 bms-a079 리콜,1.0,25.0,0.04,1.88
수입전기차,1.0,25.0,0.04,2.44
폴스타3 실구매가,1.0,24.0,0.0417,7.83
x5 신형,1.0,23.0,0.0435,1.0
테슬라 bms 문제,1.0,19.0,0.0526,3.21
외제차 판매량,1.0,19.0,0.0526,4.26
테슬라 보조금 2026,1.0,19.0,0.0526,6.37
전기차 보조금,1.0,18.0,0.0556,9.61
glb eq,1.0,17.0,0.0588,3.24
벤츠 e200 amg,1.0,16.0,0.0625,1.0
테슬라 bms 보증,1.0,16.0,0.0625,4.69
수입전기차 순위,1.0,16.0,0.0625,5.62
ev5 후기,1.0,16.0,0.0625,19.31
차량 취등록세 계산,1.0,15.0,0.0667,8.47
기아 ev5 장단점,1.0,14.0,0.07139999999999999,2.07
테슬라 ncm 배터리,1.0,14.0,0.07139999999999999,4.0
테슬라 전기차 가격표 2026,1.0,14.0,0.07139999999999999,10.71
2026 전기차 판매 순위,1.0,13.0,0.07690000000000001,5.46
테슬라 bms 이슈,1.0,12.0,0.0833,1.58
수입차 판매 순위 2025,1.0,12.0,0.0833,3.08
es90 배터리 제조사,1.0,11.0,0.0909,3.45
제네시스 풀체인지 시기,1.0,11.0,0.0909,8.09
아이오닉 9 보조금,1.0,11.0,0.0909,8.55
볼보 es90 출시일,1.0,10.0,0.1,7.0
국내 fsd 도입,1.0,10.0,0.1,8.3
전기차 지자체 보조금 2026,1.0,10.0,0.1,8.8
g90 풀체인지,1.0,9.0,0.11109999999999999,2.33
전기차 판매량 순위 2026,1.0,9.0,0.11109999999999999,5.22
제네시스 g90 풀체인지,1.0,8.0,0.125,6.62
아이오닉5 vs ev6,1.0,7.0,0.1429,7.14
g80,1.0,7.0,0.1429,7.43
수입 전기차 판매 순위,1.0,6.0,0.16670000000000001,5.67
아우디 q5 프로모션,1.0,6.0,0.16670000000000001,8.67
전기차 순위 2026,1.0,6.0,0.16670000000000001,10.33
bmw할인 프로모션,1.0,6.0,0.16670000000000001,11.33
기아 ev5 단점,1.0,5.0,0.2,1.0
ev5 결함,1.0,5.0,0.2,4.4
테슬라 가격 보조금,1.0,5.0,0.2,4.4
아이오닉 5 ev6 비교,1.0,5.0,0.2,8.6
fsd lite korea,1.0,5.0,0.2,10.8
2024 테슬라 모델y 1회 충전 주행거리,1.0,4.0,0.25,4.25
혼다 어코드 12세대,1.0,4.0,0.25,5.25
g90 페이스 리프트 출시일,1.0,4.0,0.25,8.75
리스와 렌트 차이,1.0,4.0,0.25,10.25
es90 출시,1.0,4.0,0.25,11.25
ev5 출고 후기,1.0,4.0,0.25,45.75
2026년 6월 수입차 판매량,1.0,3.0,0.3333,2.67
q3,1.0,3.0,0.3333,2.67
benz cla ev,1.0,3.0,0.3333,6.67
테슬라 모델 y 배터리 종류,1.0,3.0,0.3333,6.67
아우디a3 프로모션,1.0,3.0,0.3333,10.33
ev5 후기 디시,1.0,3.0,0.3333,12.0
fsd 중국산,1.0,3.0,0.3333,14.67
s클래스 페이스리프트 출시일,1.0,2.0,0.5,5.5
50위까지 알려줘,1.0,2.0,0.5,6.0
a3,1.0,2.0,0.5,6.0
glc eq ix3,1.0,1.0,1.0,1.0
모델y 배터리 용량,1.0,1.0,1.0,1.0
브랜드는,1.0,1.0,1.0,1.0
v60cc,1.0,1.0,1.0,2.0
언제나오나요,1.0,1.0,1.0,4.0
bmw는?,1.0,1.0,1.0,5.0
제네시스 g90 페이스리프트,1.0,1.0,1.0,5.0
중형차,1.0,1.0,1.0,5.0
bms a029,1.0,1.0,1.0,7.0
아이오닉 ev6,1.0,1.0,1.0,8.0
아우디 a3 실구매가,1.0,1.0,1.0,10.0
byd sealion 7 실구매가,1.0,1.0,1.0,16.0
한국 출시,1.0,1.0,1.0,19.0
제네시스 gv60 마그마,1.0,1.0,1.0,30.0
핫딜 게시판,0.0,383.0,0.0,8.82
국산차 추천 2025,0.0,280.0,0.0,6.44
폴스타 3 가격,0.0,132.0,0.0,8.98
국산 자동차 가격 순위,0.0,123.0,0.0,10.23
수입차 프로모션,0.0,104.0,0.0,12.35
자동차 판매순위,0.0,96.0,0.0,5.58
2026 제네시스 g80 가격,0.0,83.0,0.0,9.11
수입차 브랜드 순위,0.0,79.0,0.0,4.09
bms 테슬라,0.0,79.0,0.0,5.84
수입차 브랜드,0.0,76.0,0.0,5.16
아우디 q3 가격,0.0,73.0,0.0,1.22
phev 뜻,0.0,70.0,0.0,8.2
아반떼 렌트비용,0.0,68.0,0.0,5.57
국산차 순위,0.0,67.0,0.0,7.99
한국 자동차 브랜드 순위,0.0,64.0,0.0,8.44
차량 판매 순위,0.0,60.0,0.0,10.25
q3 가격,0.0,58.0,0.0,2.52
국내 자동차 판매량 순위 2025,0.0,56.0,0.0,8.77
자동차 취득세 계산,0.0,55.0,0.0,8.75
ev5 배터리 용량,0.0,54.0,0.0,9.41
수입차 인기 순위,0.0,50.0,0.0,1.86
해외 전기차 종류,0.0,50.0,0.0,6.32
자동차 판매량 순위,0.0,50.0,0.0,8.92
한국 자동차 순위,0.0,48.0,0.0,8.94
외제차 판매순위,0.0,47.0,0.0,3.62
시라이언,0.0,45.0,0.0,8.33
제네시스 g80 2026 년형,0.0,44.0,0.0,8.66
sealion7 awd 인증,0.0,43.0,0.0,17.4
국산차 브랜드 순위,0.0,42.0,0.0,6.31
전기차 충전기 불안정 bms 문제,0.0,42.0,0.0,9.48
ev5 충전속도,0.0,40.0,0.0,9.45
국산차 판매량,0.0,39.0,0.0,6.26
자동차 판매 순위,0.0,39.0,0.0,9.15
제네시스 g80 신형 출시일,0.0,39.0,0.0,10.38
벤츠 e200 amg line,0.0,38.0,0.0,1.0
ㅁㄴㅇㄹㅁㄴㅇㄹ,0.0,38.0,0.0,1.34
bms 오류,0.0,38.0,0.0,6.47
국산차 브랜드,0.0,38.0,0.0,7.61
테슬라 lfp,0.0,35.0,0.0,4.11
자동차판매순위,0.0,35.0,0.0,8.97
자동차 취득세 과세표준 부가가치세 제외 신차 공식,0.0,34.0,0.0,6.03
cla 전기차,0.0,34.0,0.0,6.06
g80 할인,0.0,33.0,0.0,7.55
차량 판매량,0.0,32.0,0.0,2.62
외제차 브랜드 서열,0.0,32.0,0.0,3.97
국내 자동차 판매량 순위,0.0,32.0,0.0,10.09
bms-a079,0.0,31.0,0.0,4.39
테슬라 배터리 안심케어,0.0,31.0,0.0,7.26
cla ev,0.0,30.0,0.0,5.0
스포티지 장기렌트 가격,0.0,30.0,0.0,7.4
bms079,0.0,30.0,0.0,7.6
차 판매량 순위,0.0,29.0,0.0,4.66
수입차판매순위,0.0,29.0,0.0,6.03
bms 079,0.0,28.0,0.0,5.11
자동차판매량,0.0,28.0,0.0,7.32
차량판매순위,0.0,28.0,0.0,7.89
엔카 테슬라,0.0,28.0,0.0,9.21
2026 신차,0.0,27.0,0.0,9.85
아우디 a6 풀체인지,0.0,27.0,0.0,10.41
수입차프로모션,0.0,26.0,0.0,13.73
bmw 할인 프로모션,0.0,25.0,0.0,8.76
한국 자동차 회사 순위,0.0,25.0,0.0,9.08
국산차 판매량 순위,0.0,24.0,0.0,6.71
폴스타 3 한국 가격,0.0,24.0,0.0,9.12
자동차 취득세 등록세,0.0,24.0,0.0,9.58
제네시스 g80 신형 가격,0.0,24.0,0.0,10.25
g80 실구매가,0.0,23.0,0.0,5.78
아이오닉5n 에센셜 차이,0.0,23.0,0.0,6.96
신차 프로모션,0.0,23.0,0.0,10.83
미국 자동차 판매량 순위 2026,0.0,23.0,0.0,11.35
벤츠 cla 전기차,0.0,22.0,0.0,2.14
볼보 es90 배터리 제조사,0.0,22.0,0.0,4.59
세계 자동차 판매량 순위 2026,0.0,22.0,0.0,7.73
"제한전압 ""blade battery"" -site:pinterest.com -site:ebay.com -site:amazon.com",0.0,22.0,0.0,8.05
2026년 출시 예정 전기차,0.0,22.0,0.0,8.18
fsd,0.0,22.0,0.0,9.41
2026 제네시스 g80 가격 공식,0.0,22.0,0.0,9.95
외제차 판매량 순위,0.0,21.0,0.0,3.19
전기 자동차,0.0,21.0,0.0,4.62
스포티지 렌트,0.0,21.0,0.0,4.76
차량 취득세 계산,0.0,21.0,0.0,8.71
기아 ev5,0.0,21.0,0.0,25.52
장기 렌트,0.0,21.0,0.0,77.81
pv5 승용,0.0,20.0,0.0,3.6
테슬라 bms a079 에러,0.0,20.0,0.0,4.15
폴 스타 3 실구매 가,0.0,20.0,0.0,8.4
국내 자동차 판매량 2025,0.0,20.0,0.0,9.5
대한민국 차 시장,0.0,19.0,0.0,41.79
아우디q3가격,0.0,18.0,0.0,1.44
자동차 취득세 비영업용 승용차 7% 공식,0.0,18.0,0.0,7.44
전기차 실구매가,0.0,18.0,0.0,8.22
제네시스 g90 풀체인지 가격,0.0,18.0,0.0,10.61
볼보 es90 제원,0.0,17.0,0.0,8.65
아반떼 장기렌트 비용 디시,0.0,17.0,0.0,8.94
자동차 등록세,0.0,17.0,0.0,10.41
제네시스 g80,0.0,16.0,0.0,3.88
아우디 a6 풀체인지 가격,0.0,16.0,0.0,7.81
신차 계약금,0.0,16.0,0.0,7.94
한국 차 판매 순위,0.0,16.0,0.0,8.44
인기 자동차 순위,0.0,16.0,0.0,8.56
제네시스 g80 2026 가격 공식,0.0,16.0,0.0,8.94
한국 자동차 판매 순위,0.0,16.0,0.0,9.88
기아 st1,0.0,15.0,0.0,3.13
아반떼 렌트,0.0,15.0,0.0,4.27
판매순위,0.0,15.0,0.0,4.87
2026 자동차 판매 순위,0.0,15.0,0.0,5.13
폴스타3 보조금,0.0,15.0,0.0,5.2
a079 테슬라,0.0,15.0,0.0,6.13
2026 메르세데스-벤츠 e-class 아방가르드,0.0,15.0,0.0,7.87
자동차 판매 순위 2026,0.0,15.0,0.0,7.87
국내 차량 판매 순위,0.0,15.0,0.0,8.13
테슬라 배터리 오류,0.0,15.0,0.0,8.2
차량 판매순위,0.0,15.0,0.0,8.33
자동차 취득세 과세표준 부가가치세 제외 7% 공식,0.0,15.0,0.0,8.53
lfp ncm,0.0,15.0,0.0,8.73
제네시스 g80 재고 할인,0.0,15.0,0.0,8.93
테슬라 자체 보조금,0.0,15.0,0.0,9.47
지역별 전기차 보조금 2026,0.0,15.0,0.0,10.13
네,0.0,14.0,0.0,3.79
fsd 한국 도입,0.0,14.0,0.0,7.86
2026 전기차,0.0,13.0,0.0,1.23
bms 이슈,0.0,13.0,0.0,2.69
테슬라 6월 판매량,0.0,13.0,0.0,4.23
bms_a079,0.0,13.0,0.0,4.85
2026 차량 판매 순위,0.0,13.0,0.0,5.77
스포티지 장기렌트,0.0,13.0,0.0,5.92
m850i 제원,0.0,13.0,0.0,6.54
테슬라 배터리 문제,0.0,13.0,0.0,6.92
bmw 320i,0.0,13.0,0.0,8.23
제네시스 g80 가격 공식 2026,0.0,13.0,0.0,8.31
국내 자동차 판매 순위,0.0,13.0,0.0,10.69
gv60 마그마,0.0,13.0,0.0,15.0
es90 배터리,0.0,12.0,0.0,3.33
6월 자동차 판매순위,0.0,12.0,0.0,5.0
byd 할부 프로그램,0.0,12.0,0.0,5.75
제네시스 g80 가격 2026,0.0,12.0,0.0,6.0
2026 자동차 취득세 비영업용 승용차 7% 공식,0.0,12.0,0.0,6.17
테슬라 bms a079 미국,0.0,12.0,0.0,6.5
6월 자동차 판매량,0.0,12.0,0.0,6.58
2026 경차 취득세 감면 한도 75만원 공식,0.0,12.0,0.0,7.08
폴스타3가격,0.0,12.0,0.0,8.42
수입자동차판매,0.0,12.0,0.0,8.58
byd 시라이언,0.0,12.0,0.0,8.83
2025 자동차 판매 순위,0.0,12.0,0.0,9.58
수입 전기차 종류 와 가격,0.0,12.0,0.0,9.67
아반떼 장기렌트 디시,0.0,12.0,0.0,10.0
6월 차량 판매 순위,0.0,11.0,0.0,3.18
한국 외제차 판매순위,0.0,11.0,0.0,3.64
가격,0.0,11.0,0.0,4.64
모델3 bms,0.0,11.0,0.0,4.73
테슬라 국고보조금,0.0,11.0,0.0,4.82
2026 메르세데스-벤츠 e-class 연비,0.0,11.0,0.0,5.64
byd 자체 보조금,0.0,11.0,0.0,6.18
신차 할부 구매 절차,0.0,11.0,0.0,6.91
아우디 내부,0.0,11.0,0.0,7.09
아반떼 렌트비,0.0,11.0,0.0,7.27
아우디프로모션,0.0,11.0,0.0,7.55
국내차 판매순위,0.0,11.0,0.0,7.64
테슬라 fsd 한국 출시 현황,0.0,11.0,0.0,8.45
bmw 3시리즈 할인,0.0,11.0,0.0,8.55
아우디a6 풀체인지,0.0,11.0,0.0,8.73
벤츠 s450 4matic 가격,0.0,11.0,0.0,8.91
자동차 취득세 과세표준 부가가치세 제외 공식,0.0,11.0,0.0,9.45
제네시스 g80 가격표 2026 공식,0.0,11.0,0.0,10.45
제네시스 g80 가격 2026 공식,0.0,11.0,0.0,10.55
국산자동차,0.0,11.0,0.0,10.55
자동차등록세,0.0,11.0,0.0,10.91
정액트림,0.0,11.0,0.0,17.73
5월 수입차 판매량,0.0,10.0,0.0,2.7
스타리아 pv5,0.0,10.0,0.0,2.9
한국 수입차 판매순위,0.0,10.0,0.0,2.9
차 판매 순위,0.0,10.0,0.0,5.7
아우디 a6 풀 옵션 가격,0.0,10.0,0.0,8.0
ev5 급속충전,0.0,10.0,0.0,8.3
자동차취등록세 계산,0.0,10.0,0.0,8.5
2026 중고차 취득세 승용차 7% 공식,0.0,10.0,0.0,9.3
테슬라 fsd 한국 출시 일정,0.0,10.0,0.0,9.4
아이 오닉 9 보조금,0.0,10.0,0.0,9.7
국내 자동차 판매량,0.0,10.0,0.0,13.2
10월수입차프로모션,0.0,10.0,0.0,14.3
fsd 규제,0.0,10.0,0.0,34.5
벤츠 ev,0.0,9.0,0.0,1.0
벤츠e200 amg,0.0,9.0,0.0,1.0
테슬라 보조금 디시,0.0,9.0,0.0,2.0
2026년 자동차 판매순위,0.0,9.0,0.0,4.33
bmw 6월 프로모션,0.0,9.0,0.0,5.67
자동차 취득세 과세표준 부가가치세 제외 신차 7% 공식,0.0,9.0,0.0,5.78
2026 전기차 보조금 테슬라 모델 y 한국 환경부,0.0,9.0,0.0,6.11
테슬라 전환지원금,0.0,9.0,0.0,6.22
bms오류,0.0,9.0,0.0,6.33
g80 출고가,0.0,9.0,0.0,7.0
자동차 취득세 비영업용 승용자동차 7% 공식,0.0,9.0,0.0,7.67
폭스바겐 할인,0.0,9.0,0.0,7.67
2025년 자동차 판매 순위,0.0,9.0,0.0,7.78
투아렉 프로모션,0.0,9.0,0.0,8.0
한국 자동차 판매량 순위,0.0,9.0,0.0,8.11
자동차 취등록세 계산,0.0,9.0,0.0,8.33
2026 경차 취득세 감면 75만원 공식,0.0,9.0,0.0,8.89
ev5 고질병,0.0,9.0,0.0,9.0
볼보 프로모션,0.0,9.0,0.0,9.78
폭스바겐 프로모션,0.0,9.0,0.0,9.78
한국 차량 판매 순위,0.0,9.0,0.0,10.0
국산차 가격 순위,0.0,9.0,0.0,10.11
bmw 신차 프로모션,0.0,9.0,0.0,11.11
비엠 x4,0.0,9.0,0.0,11.33
고급 외제 차 브랜드 순위,0.0,8.0,0.0,1.0
audi a6 가격,0.0,8.0,0.0,4.0
국내 자동차 판매량 통계,0.0,8.0,0.0,5.25
수입차 판매,0.0,8.0,0.0,5.38
자동차 순위 2026,0.0,8.0,0.0,5.38
자동차 취득세 과세표준 부가가치세 제외 차량가격 7% 공식,0.0,8.0,0.0,5.75
2026년 차량 판매 순위,0.0,8.0,0.0,5.88
아반떼 장기렌트 가격,0.0,8.0,0.0,5.88
수입차8월판매조건,0.0,8.0,0.0,6.75
투아렉 할인,0.0,8.0,0.0,7.0
bmw x4 프로모션,0.0,8.0,0.0,7.88
자동차 인기순위,0.0,8.0,0.0,8.12
외제차 유지비 현실,0.0,8.0,0.0,8.25
g80 2026,0.0,8.0,0.0,8.38
제네시스 g80 2026 가격표 공식,0.0,8.0,0.0,8.5
자동차 취등록세 기준,0.0,8.0,0.0,8.75
자동차 취득세 등록세 계산,0.0,8.0,0.0,9.62
중국 전기차 가격,0.0,8.0,0.0,10.5
아우디 q3,0.0,8.0,0.0,11.12
자동차취득세율,0.0,8.0,0.0,11.12
리스 장기렌트 차이,0.0,8.0,0.0,12.12
자동차 프로모션 사이트,0.0,8.0,0.0,43.38
아이 오닉 v 가격,0.0,7.0,0.0,2.43
테슬라 모델 y,0.0,7.0,0.0,2.86
26년 6월 자동차 판매량,0.0,7.0,0.0,3.71
아우디 a6 가격,0.0,7.0,0.0,4.0
g80신형,0.0,7.0,0.0,5.14
5월 자동차 판매량,0.0,7.0,0.0,5.71
아이오닉5 ev6 비교,0.0,7.0,0.0,6.14
아반떼 장기렌트 후기,0.0,7.0,0.0,6.29
벤츠 프로모션 2026,0.0,7.0,0.0,6.57
전기차 종류 2026,0.0,7.0,0.0,7.0
전기차 취등록세 계산,0.0,7.0,0.0,7.0
아이오닉9 지원금,0.0,7.0,0.0,7.71
2026 자동차 취득세 승용차 7% 공식,0.0,7.0,0.0,8.14
취등록세 자동차,0.0,7.0,0.0,9.0
자동차 등록세 취득세,0.0,7.0,0.0,9.71
테슬라 오류,0.0,7.0,0.0,10.29
2026 제네시스 g80 가격표 공식,0.0,7.0,0.0,10.57
자동차 취득세율,0.0,7.0,0.0,11.14
국산차,0.0,7.0,0.0,19.57
메르세데스 eqb,0.0,7.0,0.0,21.43
bmw x1 프로모션,0.0,6.0,0.0,1.0
테슬라 모델 y 보조금,0.0,6.0,0.0,1.0
테슬라 지원금 디시,0.0,6.0,0.0,1.0
아반떼 렌트카 비용,0.0,6.0,0.0,1.67
테슬라 5월 판매량,0.0,6.0,0.0,3.33
자동차 취득세 비영업용 승용차 7% 공식 2026,0.0,6.0,0.0,4.67
가격은?,0.0,6.0,0.0,4.83
자동차 취득세 승용차 7% 공식 2026,0.0,6.0,0.0,5.67
25년 자동차 판매순위,0.0,6.0,0.0,6.5
bmw 320i m sport 실구매 가,0.0,6.0,0.0,7.33
전기차 외제차,0.0,6.0,0.0,7.33
한국 fsd,0.0,6.0,0.0,7.33
es90 예상 가격,0.0,6.0,0.0,7.5
벤츠 프로모션,0.0,6.0,0.0,7.5
현대차 2026년 6월 판매 실적 공식,0.0,6.0,0.0,8.33
차량 순위,0.0,6.0,0.0,8.67
ncm lfp,0.0,6.0,0.0,9.0
국내 자동차 판매순위,0.0,6.0,0.0,9.17
아반떼 하루 렌트 비용,0.0,6.0,0.0,9.67
m850i 가격,0.0,6.0,0.0,11.0
신차계약,0.0,6.0,0.0,11.83
전기차 보조금 계산기 2026,0.0,6.0,0.0,13.17
2026년 신차,0.0,5.0,0.0,1.0
모델y 지원금,0.0,5.0,0.0,1.0
cla amg ev,0.0,5.0,0.0,1.8
q3가격,0.0,5.0,0.0,2.2
어코드,0.0,5.0,0.0,2.2
실구매가,0.0,5.0,0.0,3.2
2026 대한민국 테슬라 전기차 보조금 2026,0.0,5.0,0.0,3.8
아이오닉9,0.0,5.0,0.0,3.8
자동차 취득세 세율,0.0,5.0,0.0,3.8
제네시스 풀체인지 일정,0.0,5.0,0.0,3.8
아이 오닉 v 한국 출시,0.0,5.0,0.0,4.2
2026년 자동차 판매량,0.0,5.0,0.0,4.4
bmw x4 xdrive20i,0.0,5.0,0.0,4.4
byd,0.0,5.0,0.0,4.4
수입차판매,0.0,5.0,0.0,4.4
자동차 취득세 승용차 7% 공식,0.0,5.0,0.0,5.4
아우디a6가격,0.0,5.0,0.0,5.4
2026 대한민국 테슬라 모델 y 전기차 보조금 2026,0.0,5.0,0.0,6.2
q5 26년식,0.0,5.0,0.0,6.4
전기차 취득세 계산,0.0,5.0,0.0,6.6
제네시스 g90,0.0,5.0,0.0,6.6
지커7x 국내 가격,0.0,5.0,0.0,7.0
ev5 디시,0.0,5.0,0.0,7.4
a6 40 tfsi s line,0.0,5.0,0.0,7.6
아우디 a6 트림,0.0,5.0,0.0,7.6
차량등록세 계산,0.0,5.0,0.0,7.6
지커 7x,0.0,5.0,0.0,7.8
정액 트림,0.0,5.0,0.0,8.4
국내 자동차 브랜드 점유율,0.0,5.0,0.0,8.8
국산 suv 가격 순위 2025,0.0,5.0,0.0,8.8
신형 아우디 a6 가격,0.0,5.0,0.0,9.0
지커 7x 가격,0.0,5.0,0.0,9.4
폴스타3 한국 가격,0.0,5.0,0.0,9.4
s450 4matic,0.0,5.0,0.0,9.6
bmw m850i 가격,0.0,5.0,0.0,10.8
e200 amg line,0.0,5.0,0.0,12.4
판매 순위,0.0,5.0,0.0,13.2
리스 렌트 차이,0.0,5.0,0.0,16.6
자동차 프로모션,0.0,5.0,0.0,34.0
5월 전기차 판매량,0.0,4.0,0.0,1.0
7월 프로모션,0.0,4.0,0.0,1.0
국산 전기차 순위,0.0,4.0,0.0,1.0
수입자동차,0.0,4.0,0.0,1.0
테슬라 모델y 보조금,0.0,4.0,0.0,1.0
테슬라 모델y 지원금,0.0,4.0,0.0,1.0
서울,0.0,4.0,0.0,1.25
테슬라 전기차 보조금,0.0,4.0,0.0,1.25
아반떼,0.0,4.0,0.0,2.0
응,0.0,4.0,0.0,2.0
suv 판매순위,0.0,4.0,0.0,2.5
byd 6월 판매량,0.0,4.0,0.0,3.25
알려줘,0.0,4.0,0.0,3.5
bmsa079,0.0,4.0,0.0,4.75
tesla bms a079,0.0,4.0,0.0,4.75
g80 트림,0.0,4.0,0.0,5.0
pv5 스타리아,0.0,4.0,0.0,5.0
전기차 가격,0.0,4.0,0.0,5.25
pv5 크기 비교,0.0,4.0,0.0,5.5
무공해차 통합누리집 아이오닉 9 보조금 2026,0.0,4.0,0.0,5.5
위택스 자동차 취득세 비영업용 승용자동차 7%,0.0,4.0,0.0,5.5
테슬라 모델 y 보조금 2026,0.0,4.0,0.0,5.5
무공해차 통합누리집 아이오닉9 보조금 2026,0.0,4.0,0.0,5.75
자동차 등록세 폐지 취득세 통합 공식,0.0,4.0,0.0,5.75
제네시스 g90 가격 공식 2026,0.0,4.0,0.0,6.25
아우디 a6 하이브리드 가격,0.0,4.0,0.0,7.25
첫차 가격,0.0,4.0,0.0,7.25
제네시스 g80 2026 가격,0.0,4.0,0.0,7.5
첫 차 추천,0.0,4.0,0.0,7.5
9월 프로모션,0.0,4.0,0.0,7.75
중국전기차 가격,0.0,4.0,0.0,7.75
bmw x4,0.0,4.0,0.0,8.0
ix5 예상 가격,0.0,4.0,0.0,8.0
외제차 세단 순위,0.0,4.0,0.0,8.0
자동차 등록세 계산,0.0,4.0,0.0,8.0
g80 후면,0.0,4.0,0.0,8.25
제네시스 g80 가격 2026 공식 가격표,0.0,4.0,0.0,8.5
국내자동차 판매순위,0.0,4.0,0.0,8.5
아우디 q5 할인,0.0,4.0,0.0,8.5
차량등록세,0.0,4.0,0.0,8.75
fsd 현대,0.0,4.0,0.0,9.0
시라이언 7,0.0,4.0,0.0,9.0
지방세법 승용자동차 취득세 7%,0.0,4.0,0.0,9.25
제네시스 마그마 gv60,0.0,4.0,0.0,9.25
수입차 프로모션 사이트,0.0,4.0,0.0,9.5
전기차 보조금 언제까지,0.0,4.0,0.0,9.5
차량취득세 계산,0.0,4.0,0.0,9.5
폴스타3 출시일,0.0,4.0,0.0,9.5
a6 가격,0.0,4.0,0.0,10.0
s450,0.0,4.0,0.0,10.0
지커 가격,0.0,4.0,0.0,10.0
테슬라 fsd 한국 승인 현황,0.0,4.0,0.0,10.0
테슬라 fsd 한국 사용 가능 2026,0.0,4.0,0.0,10.5
신차프로모션,0.0,4.0,0.0,10.5
폴스타 3가격,0.0,4.0,0.0,10.5
차량 등록세,0.0,4.0,0.0,10.75
테슬라 배터리 결함,0.0,4.0,0.0,12.25
v14 lite korea,0.0,4.0,0.0,13.0
장기렌트 리스 차이,0.0,4.0,0.0,13.0
fsd lite 한국,0.0,4.0,0.0,13.25
신차 계약 취소 패널티,0.0,4.0,0.0,15.5
es90 보조금,0.0,4.0,0.0,18.0
fsd lite 한국 배포,0.0,4.0,0.0,18.5
byd 전기차,0.0,4.0,0.0,25.5
씨라이언 6,0.0,4.0,0.0,37.25
아이오닉9 가격표,0.0,3.0,0.0,1.0
프로모션,0.0,3.0,0.0,1.33
fsd 국토부,0.0,3.0,0.0,1.67
인천,0.0,3.0,0.0,1.67
자동차 취득세 계산 차량가격 부가세 제외 7% 공식,0.0,3.0,0.0,2.0
단점,0.0,3.0,0.0,2.0
모델y,0.0,3.0,0.0,2.0
테슬라 모델y rwd,0.0,3.0,0.0,2.0
가격비교,0.0,3.0,0.0,2.33
고양시,0.0,3.0,0.0,2.33
아이 오닉 9 가격표,0.0,3.0,0.0,2.33
주행거리,0.0,3.0,0.0,2.33
아우디는,0.0,3.0,0.0,2.67
bmw 7월프로모션,0.0,3.0,0.0,3.0
제네시스g80,0.0,3.0,0.0,3.0
폴스타3,0.0,3.0,0.0,3.0
테슬라 모델 y 가격,0.0,3.0,0.0,3.33
5월 자동차 판매 순위,0.0,3.0,0.0,3.67
기아 ev5 가격,0.0,3.0,0.0,3.67
차량판매량,0.0,3.0,0.0,3.67
개소세 인상,0.0,3.0,0.0,4.33
전기차,0.0,3.0,0.0,4.33
lfp 테슬라,0.0,3.0,0.0,4.67
수입차,0.0,3.0,0.0,4.67
2026 세계 자동차 판매 순위,0.0,3.0,0.0,5.0
ev5 가격,0.0,3.0,0.0,5.0
자동차 취득세 승용차 7% 위택스 공식,0.0,3.0,0.0,5.0
s450 가격,0.0,3.0,0.0,5.33
sealon7,0.0,3.0,0.0,5.33
자동차 취득세 과세표준 부가가치세 제외 차량가격 공식,0.0,3.0,0.0,5.33
모델 y,0.0,3.0,0.0,5.33
아우디a6 가격,0.0,3.0,0.0,5.33
제네시스 g80 가격,0.0,3.0,0.0,5.33
테슬라 fsd 한국 언제,0.0,3.0,0.0,5.33
12월 프로모션,0.0,3.0,0.0,5.67
위택스 자동차 취득세 과세표준 부가가치세 제외,0.0,3.0,0.0,5.67
2026 전기차 보조금 가격 기준 5300만원 8500만원 환경부,0.0,3.0,0.0,6.0
5월 수입차 판매순위,0.0,3.0,0.0,6.0
byd 한국 판매량 2026,0.0,3.0,0.0,6.0
무공해차 통합누리집 2026 테슬라 모델 y 보조금,0.0,3.0,0.0,6.0
테슬라 보조금,0.0,3.0,0.0,6.0
320i cc,0.0,3.0,0.0,6.33
아우디 a6가격,0.0,3.0,0.0,6.33
자동차 취등록세 계산 방법,0.0,3.0,0.0,6.33
전국적으로 시승 센터가 잘 갖춰져 있어 원하는 모델을 충분히 타보고 결정할 수 있는 브랜드는 어디인가요?,0.0,3.0,0.0,6.33
차 프로모션,0.0,3.0,0.0,6.33
테슬라 배터리,0.0,3.0,0.0,6.33
2025 지커 7x 가격,0.0,3.0,0.0,6.67
ev3 ev5 디시,0.0,3.0,0.0,6.67
자동차 취득세 과세표준 공급가액 부가가치세 제외 공식,0.0,3.0,0.0,7.0
모델y bms,0.0,3.0,0.0,7.0
테슬라 bms a079 디시,0.0,3.0,0.0,7.0
국산차 판매 순위,0.0,3.0,0.0,7.33
자동차 가격 순위 2025,0.0,3.0,0.0,7.33
전기차 판매량 순위,0.0,3.0,0.0,7.33
지커 7x 국내 가격,0.0,3.0,0.0,7.33
차 판매량,0.0,3.0,0.0,7.33
2026 경차 취득세 감면 75만원 지방세특례제한법 공식,0.0,3.0,0.0,7.67
fsd 한국 언제,0.0,3.0,0.0,7.67
x4 xdrive20i,0.0,3.0,0.0,7.67
자동차 취득세 승용차 7% 지방세법 공식,0.0,3.0,0.0,7.67
아우디 a6 마력,0.0,3.0,0.0,7.67
ev5 트림 비교,0.0,3.0,0.0,8.0
제네시스 g80 가격표 2026 공식 pdf,0.0,3.0,0.0,8.0
더,0.0,3.0,0.0,8.0
모델y 배터리 종류,0.0,3.0,0.0,8.0
테슬라 fsd 언제,0.0,3.0,0.0,8.0
2022년 9월 자동차 판매량,0.0,3.0,0.0,8.33
현대차 2026년 2분기 실적 발표 일정,0.0,3.0,0.0,8.33
3시리즈 실구매가,0.0,3.0,0.0,8.67
lfp vs ncm 배터리,0.0,3.0,0.0,8.67
아이오닉 ev 비교,0.0,3.0,0.0,8.67
외제차 프로모션,0.0,3.0,0.0,8.67
취득세 등록세,0.0,3.0,0.0,8.67
lfp ncm 배터리 비교,0.0,3.0,0.0,9.0
국산 명차 순위,0.0,3.0,0.0,9.0
자동차 가격 순위,0.0,3.0,0.0,9.0
es90,0.0,3.0,0.0,9.33
리스 차 구별,0.0,3.0,0.0,9.33
아우디 a6 신형 가격,0.0,3.0,0.0,9.33
지커,0.0,3.0,0.0,9.33
320i 프로모션,0.0,3.0,0.0,9.67
테슬라 업데이트 배포 현황,0.0,3.0,0.0,9.67
2026 제네시스 g80 가격표,0.0,3.0,0.0,10.0
a6 s line,0.0,3.0,0.0,10.0
ncm 배터리 lfp 배터리 차이,0.0,3.0,0.0,10.0
자동차 판매량 순위 2025,0.0,3.0,0.0,10.0
리스와 장기렌트 차이,0.0,3.0,0.0,10.33
a5 프로모션,0.0,3.0,0.0,10.67
국내 전기차 순위,0.0,3.0,0.0,10.67
테슬라 풀 셀프 드라이빙 한국,0.0,3.0,0.0,10.67
320i m 스포츠 가격,0.0,3.0,0.0,11.0
cla eq,0.0,3.0,0.0,11.0
신차 할인 프로모션,0.0,3.0,0.0,11.0
자동차 장기렌트 리스 차이,0.0,3.0,0.0,11.0
테슬라 fsd 한국 도입 시기,0.0,3.0,0.0,11.0
테슬라 엔카,0.0,3.0,0.0,11.0
자동차 취득세,0.0,3.0,0.0,11.67
한국 자동차 판매량,0.0,3.0,0.0,12.0
ncm배터리,0.0,3.0,0.0,12.33
bmw 5시리즈 프로모션,0.0,3.0,0.0,13.33
ev5 리뷰,0.0,3.0,0.0,15.0
수입차종,0.0,3.0,0.0,16.33
glb,0.0,3.0,0.0,19.67
지커7x,0.0,3.0,0.0,24.67
수입차 할인,0.0,3.0,0.0,27.33
sw1,0.0,3.0,0.0,32.33
스팅어 리스,0.0,3.0,0.0,38.0
2026년 전기차,0.0,2.0,0.0,1.0
bmw 2026 신차,0.0,2.0,0.0,1.0
bmw 530i 프로모션,0.0,2.0,0.0,1.0
e200 amg,0.0,2.0,0.0,1.0
모델y 보조금,0.0,2.0,0.0,1.0
벤츠 glc 300 4matic,0.0,2.0,0.0,1.0
"사회초년생인데, 첫 차 구매를 앞두고 있어요. 아무래도 운전이 익숙하지 않다 보니 혹시 모를 블랙박스 위반 같은 상황이 걱정되는데, 
안전하고 운전하기 편하면서도 너무 부담스럽지 않은 차량 추천 좀 해주세요.",0.0,2.0,0.0,1.0
아반테,0.0,2.0,0.0,1.0
외국 자동차 브랜드,0.0,2.0,0.0,1.0
전기차 2026,0.0,2.0,0.0,1.0
전기차 지원금,0.0,2.0,0.0,1.0
카피아,0.0,2.0,0.0,1.0
테슬라 모델y 보조금 2026,0.0,2.0,0.0,1.0
pv5 뜻,0.0,2.0,0.0,1.5
청주시,0.0,2.0,0.0,1.5
테슬라 y,0.0,2.0,0.0,1.5
한국 fsd 규제,0.0,2.0,0.0,1.5
20위까지 알려줘,0.0,2.0,0.0,2.0
5월은?,0.0,2.0,0.0,2.0
fsd 한국,0.0,2.0,0.0,2.0
glb with eq technology,0.0,2.0,0.0,2.0
국내,0.0,2.0,0.0,2.0
국내출시가격,0.0,2.0,0.0,2.0
국산 자동차 브랜드,0.0,2.0,0.0,2.0
그래,0.0,2.0,0.0,2.0
모델y rwd,0.0,2.0,0.0,2.0
아우디 a6 할인,0.0,2.0,0.0,2.0
아우디는?,0.0,2.0,0.0,2.0
잔존가치,0.0,2.0,0.0,2.0
대구,0.0,2.0,0.0,2.5
수원,0.0,2.0,0.0,2.5
자동차,0.0,2.0,0.0,2.5
전기차 추천,0.0,2.0,0.0,2.5
택시 전기차 보조금,0.0,2.0,0.0,2.5
화성시,0.0,2.0,0.0,2.5
2026 무공해차 통합누리집 테슬라 모델 y 보조금,0.0,2.0,0.0,3.0
g90 출시일,0.0,2.0,0.0,3.0
경기도 고양시,0.0,2.0,0.0,3.0
전기차보조금,0.0,2.0,0.0,3.0
현대아이오닉9,0.0,2.0,0.0,3.0
bmw,0.0,2.0,0.0,3.5
tesla bms_a079,0.0,2.0,0.0,3.5
ev5 평가,0.0,2.0,0.0,4.0
fsd lite 출시,0.0,2.0,0.0,4.0
무공해차 통합누리집 2026 테슬라 모델 y 국고보조금,0.0,2.0,0.0,4.0
자동차 취득세 비영업용 승용차 7% 위택스,0.0,2.0,0.0,4.0
벤츠 s450 가격,0.0,2.0,0.0,4.0
부산,0.0,2.0,0.0,4.0
서울시,0.0,2.0,0.0,4.0
아반떼는?,0.0,2.0,0.0,4.0
외제차 가격 순위,0.0,2.0,0.0,4.0
테슬라 3 가격,0.0,2.0,0.0,4.0
할부,0.0,2.0,0.0,4.0
2025년 자동차 판매량,0.0,2.0,0.0,4.5
2026년 5월 자동차 판매 순위,0.0,2.0,0.0,4.5
bmw x4가격,0.0,2.0,0.0,4.5
모델 y 보조금,0.0,2.0,0.0,4.5
테슬라 배터리 안심 케어,0.0,2.0,0.0,4.5
2026 전기차 보조금 테슬라 모델 y rwd 국고보조금,0.0,2.0,0.0,5.0
5299,0.0,2.0,0.0,5.0
보조금은?,0.0,2.0,0.0,5.0
아이오닉5 풀체인지,0.0,2.0,0.0,5.0
인기외제차,0.0,2.0,0.0,5.0
차 순위,0.0,2.0,0.0,5.0
30위까지 알려줘,0.0,2.0,0.0,5.5
fsd 국내 도입,0.0,2.0,0.0,5.5
테슬라 fsd 한국 출시 현황 2026,0.0,2.0,0.0,5.5
국내 자동차 판매량 순위 2026,0.0,2.0,0.0,5.5
사이버트럭,0.0,2.0,0.0,5.5
2026 한국 테슬라 모델 y 가격 보조금 실구매가,0.0,2.0,0.0,6.0
2026 한국 전기차 판매 순위,0.0,2.0,0.0,6.0
bmw 3시리즈 프로모션,0.0,2.0,0.0,6.0
자동차 취득세 승용차 7% 지방세법 2026,0.0,2.0,0.0,6.0
제네시스 g90 가격 2026 공식,0.0,2.0,0.0,6.0
초년생 첫차,0.0,2.0,0.0,6.0
테슬라 fsd 한국,0.0,2.0,0.0,6.0
2026 아우디 q3 가격,0.0,2.0,0.0,6.5
bmw x3 프로모션 할인,0.0,2.0,0.0,6.5
월별 자동차 판매량,0.0,2.0,0.0,6.5
차종,0.0,2.0,0.0,6.5
폴스타 가격,0.0,2.0,0.0,6.5
2026 cla,0.0,2.0,0.0,7.0
2026 테슬라 모델 y 한국 가격 보조금,0.0,2.0,0.0,7.0
2026년 한국 신차 디젤 세단 판매 모델,0.0,2.0,0.0,7.0
a6 풀체인지,0.0,2.0,0.0,7.0
bmw 프로모션 할인,0.0,2.0,0.0,7.0
cla350,0.0,2.0,0.0,7.0
테슬라 자체보조금,0.0,2.0,0.0,7.0
2026년 하반기 전기차 보조금,0.0,2.0,0.0,7.5
무공해차 통합누리집 2026 테슬라 모델 y 보조금 서울,0.0,2.0,0.0,7.5
전기차 가격 보조금,0.0,2.0,0.0,7.5
전기차 보조금 얼마,0.0,2.0,0.0,7.5
bmw 알피나 가격,0.0,2.0,0.0,8.0
bmw할인 시기,0.0,2.0,0.0,8.0
e 200 avantgarde,0.0,2.0,0.0,8.0
ix3 가격,0.0,2.0,0.0,8.0
벤츠s450 4matic가격,0.0,2.0,0.0,8.0
아이오닉 5 vs ev6,0.0,2.0,0.0,8.0
자동차 리스 렌트 차이,0.0,2.0,0.0,8.0
자율주행 자동차 추천,0.0,2.0,0.0,8.0
제네시스 g80 2026,0.0,2.0,0.0,8.0
테슬라 견적,0.0,2.0,0.0,8.0
폴스타 3,0.0,2.0,0.0,8.0
2026 g80,0.0,2.0,0.0,8.5
bmw 320i 실구매가,0.0,2.0,0.0,8.5
자동차 취득세 비영업용 승용자동차 7% 지방세법 공식,0.0,2.0,0.0,8.5
제네시스 g80 2026 가격 제원 공식,0.0,2.0,0.0,8.5
아반떼 한달 렌트비,0.0,2.0,0.0,8.5
아우디 a6 s라인,0.0,2.0,0.0,8.5
아우디 a6 프로모션,0.0,2.0,0.0,8.5
장기리스 장기렌트 차이,0.0,2.0,0.0,8.5
전기차 배터리 경고등,0.0,2.0,0.0,8.5
현대 아이오닉 하이브리드,0.0,2.0,0.0,8.5
2026 부산 전기차 보조금 테슬라 모델 y 보조금 2026,0.0,2.0,0.0,9.0
6천만원 차,0.0,2.0,0.0,9.0
a6 40 tfsi,0.0,2.0,0.0,9.0
bmw320i m sport,0.0,2.0,0.0,9.0
bmw프로모션,0.0,2.0,0.0,9.0
자동차 취득세 비영업용 승용차 7% 지방세법,0.0,2.0,0.0,9.0
폴스타 3 예상 가격,0.0,2.0,0.0,9.0
pv5 vs 스타리아,0.0,2.0,0.0,9.5
s450 4matic 가격,0.0,2.0,0.0,9.5
sealion7,0.0,2.0,0.0,9.5
지방세법 승용자동차 취득세 세율 7%,0.0,2.0,0.0,9.5
볼보 할인 프로모션,0.0,2.0,0.0,9.5
자동차등록세 취득세,0.0,2.0,0.0,9.5
장기렌트와 리스 차이점,0.0,2.0,0.0,9.5
한국에서는,0.0,2.0,0.0,9.5
2026 한국 테슬라 모델 y 가격 보조금,0.0,2.0,0.0,10.0
2026 제네시스 g80,0.0,2.0,0.0,10.0
bms a,0.0,2.0,0.0,10.0
bmw 320 가격,0.0,2.0,0.0,10.0
byd 시라이언7,0.0,2.0,0.0,10.0
es90 주행거리,0.0,2.0,0.0,10.0
gv60 마력,0.0,2.0,0.0,10.0
자동차 취득세 승용차 7% 공식 지방세,0.0,2.0,0.0,10.0
테슬라 fsd 한국 출시 언제 2026,0.0,2.0,0.0,10.0
국내 판매,0.0,2.0,0.0,10.0
벤츠 할인 프로모션,0.0,2.0,0.0,10.0
아우디 a6 45 tfsi 가격,0.0,2.0,0.0,10.0
주니퍼 bms a079,0.0,2.0,0.0,10.0
테슬라 장기렌트 fsd,0.0,2.0,0.0,10.0
폴스타 3 출시일,0.0,2.0,0.0,10.0
현대 전기차 가격,0.0,2.0,0.0,10.0
30위까지,0.0,2.0,0.0,10.5
bmw할인,0.0,2.0,0.0,10.5
fsd 단계,0.0,2.0,0.0,10.5
fsd 자율주행 단계,0.0,2.0,0.0,10.5
lfp ncm 차이,0.0,2.0,0.0,10.5
테슬라 fsd 한국 출시 2026 공식,0.0,2.0,0.0,10.5
볼보 할인,0.0,2.0,0.0,10.5
중국산 전기차 가격,0.0,2.0,0.0,10.5
bmw 320i 프로모션,0.0,2.0,0.0,11.0
ev5 가격 실구매가,0.0,2.0,0.0,11.0
자동차 취등록세,0.0,2.0,0.0,11.0
fsd lite 배포,0.0,2.0,0.0,11.5
테슬라 자체 지원금,0.0,2.0,0.0,11.5
10위까지 알려줘,0.0,2.0,0.0,12.0
bmw x4 실구매가,0.0,2.0,0.0,12.0
볼보 es90 보조금,0.0,2.0,0.0,12.5
전기차 지원금 2026,0.0,2.0,0.0,14.0
아우디 a5 프로모션,0.0,2.0,0.0,14.5
glb 디시,0.0,2.0,0.0,16.5
수입차할인,0.0,2.0,0.0,17.5
전기차 보조금 2026,0.0,2.0,0.0,18.0
kia ev5,0.0,2.0,0.0,18.5
ev5 배터리,0.0,2.0,0.0,20.5
수입자동차종류,0.0,2.0,0.0,20.5
byd sealion 7,0.0,2.0,0.0,24.5
수입자동차회사,0.0,2.0,0.0,24.5
top20,0.0,2.0,0.0,25.5
fsd lite 차이,0.0,2.0,0.0,26.0
국내 자동차 판매량 순위 2024,0.0,2.0,0.0,27.0
아반떼 cn8,0.0,2.0,0.0,31.0
국산보지,0.0,2.0,0.0,76.0
2022 glb 250 4matic,0.0,1.0,0.0,1.0
2026 벤츠,0.0,1.0,0.0,1.0
2026년 5월 자동차 판매량,0.0,1.0,0.0,1.0
320i m 스포츠,0.0,1.0,0.0,1.0
3는?,0.0,1.0,0.0,1.0
5천만원,0.0,1.0,0.0,1.0
5천만원대 전기차,0.0,1.0,0.0,1.0
60개월 할부,0.0,1.0,0.0,1.0
7월은,0.0,1.0,0.0,1.0
?,0.0,1.0,0.0,1.0
a6-7,0.0,1.0,0.0,1.0
amg cla ev,0.0,1.0,0.0,1.0
benz cla eq,0.0,1.0,0.0,1.0
bmw 3 가격,0.0,1.0,0.0,1.0
bmw 신차 할부 신청 시 추가 혜택?,0.0,1.0,0.0,1.0
bmw3,0.0,1.0,0.0,1.0
bmw320i sport,0.0,1.0,0.0,1.0
cla ev amg,0.0,1.0,0.0,1.0
es90 가격,0.0,1.0,0.0,1.0
ev3,0.0,1.0,0.0,1.0
ev5 400v,0.0,1.0,0.0,1.0
ev5 아이오닉5 비교,0.0,1.0,0.0,1.0
ev5 충전구,0.0,1.0,0.0,1.0
ev5는,0.0,1.0,0.0,1.0
fsd in korea,0.0,1.0,0.0,1.0
fsdv14,0.0,1.0,0.0,1.0
g80 가격,0.0,1.0,0.0,1.0
gv80은,0.0,1.0,0.0,1.0
i4 m60,0.0,1.0,0.0,1.0
lfp(인산철)와 ncm(삼원계) 중 어떤 게 더 오래 쓰나요?,0.0,1.0,0.0,1.0
m5,0.0,1.0,0.0,1.0
sealion 뜻,0.0,1.0,0.0,1.0
suv 판매 순위,0.0,1.0,0.0,1.0
suv7x,0.0,1.0,0.0,1.0
tesla bms,0.0,1.0,0.0,1.0
tesla bms issue,0.0,1.0,0.0,1.0
x5 디자인,0.0,1.0,0.0,1.0
сиенна,0.0,1.0,0.0,1.0
가격 알려줘,0.0,1.0,0.0,1.0
가격이 얼마야,0.0,1.0,0.0,1.0
경남거제,0.0,1.0,0.0,1.0
고양시 일산동구,0.0,1.0,0.0,1.0
광주,0.0,1.0,0.0,1.0
국내 순위,0.0,1.0,0.0,1.0
국내 차 판매 순위,0.0,1.0,0.0,1.0
금액,0.0,1.0,0.0,1.0
네.,0.0,1.0,0.0,1.0
더더,0.0,1.0,0.0,1.0
모델x,0.0,1.0,0.0,1.0
모델y 보조금 2026,0.0,1.0,0.0,1.0
모델정보,0.0,1.0,0.0,1.0
목돈 부족할 때 부담 적은 신차 할부 방법은?,0.0,1.0,0.0,1.0
박스형 suv,0.0,1.0,0.0,1.0
벤츠 cla ev,0.0,1.0,0.0,1.0
브랜드별,0.0,1.0,0.0,1.0
비교,0.0,1.0,0.0,1.0
사전계약,0.0,1.0,0.0,1.0
세금포함,0.0,1.0,0.0,1.0
세종,0.0,1.0,0.0,1.0
수원시,0.0,1.0,0.0,1.0
스포티지 리스 가격,0.0,1.0,0.0,1.0
스포티지 하이브리드 가격,0.0,1.0,0.0,1.0
아반떼 렌트카,0.0,1.0,0.0,1.0
아반떼 리스 비용,0.0,1.0,0.0,1.0
아우디 6월 프로모션,0.0,1.0,0.0,1.0
아우디 가격,0.0,1.0,0.0,1.0
아우디 가격표,0.0,1.0,0.0,1.0
아우디 차량 가격,0.0,1.0,0.0,1.0
아우디 파이낸셜 디시,0.0,1.0,0.0,1.0
아우디a6 실구매가,0.0,1.0,0.0,1.0
아이오닉 롱레인지,0.0,1.0,0.0,1.0
아이오닉5 ev5 비교,0.0,1.0,0.0,1.0
안양시,0.0,1.0,0.0,1.0
양주시,0.0,1.0,0.0,1.0
얼마임?,0.0,1.0,0.0,1.0
연비,0.0,1.0,0.0,1.0
연비 비교,0.0,1.0,0.0,1.0
요즘 자동차 브랜드 이미지 순위 알려줘. my location is south korea.,0.0,1.0,0.0,1.0
이유가 뭐야,0.0,1.0,0.0,1.0
자동차 브랜드 판매량 순위,0.0,1.0,0.0,1.0
장기,0.0,1.0,0.0,1.0
장기렌트,0.0,1.0,0.0,1.0
전기차 국고보조금 현황,0.0,1.0,0.0,1.0
전기차 지역별 보조금,0.0,1.0,0.0,1.0
전기차 판매량 통계,0.0,1.0,0.0,1.0
전환지원금,0.0,1.0,0.0,1.0
제네시스 차 가격,0.0,1.0,0.0,1.0
주행거리는?,0.0,1.0,0.0,1.0
총 얼마,0.0,1.0,0.0,1.0
출력은?,0.0,1.0,0.0,1.0
충전속도,0.0,1.0,0.0,1.0
테슬라,0.0,1.0,0.0,1.0
테슬라 y 지원금,0.0,1.0,0.0,1.0
테슬라 모델 y 롱레인지,0.0,1.0,0.0,1.0
테슬라 모델 y 지원금,0.0,1.0,0.0,1.0
테슬라 부산 보조금,0.0,1.0,0.0,1.0
테슬라 전기차 지원금,0.0,1.0,0.0,1.0
테슬라 주니퍼 보조금,0.0,1.0,0.0,1.0
테슬라 지원금,0.0,1.0,0.0,1.0
테슬라 한국 fsd,0.0,1.0,0.0,1.0
테슬라모델yl,0.0,1.0,0.0,1.0
테슬라야,0.0,1.0,0.0,1.0
테슬라와 비교,0.0,1.0,0.0,1.0
판매량,0.0,1.0,0.0,1.0
한국 fsd 언제,0.0,1.0,0.0,1.0
한국 전기차 순위,0.0,1.0,0.0,1.0
한국은?,0.0,1.0,0.0,1.0
"""월 24만 원으로 아반떼 시작"" ""부담없이, 마이카 인수형!""",0.0,1.0,0.0,2.0
"""월 24만 원으로 아반떼 시작"" ""부담없이, 마이카 인수형""",0.0,1.0,0.0,2.0
10월,0.0,1.0,0.0,2.0
1위부터10위까지,0.0,1.0,0.0,2.0
26년 5월 자동차 판매량,0.0,1.0,0.0,2.0
26년 6월,0.0,1.0,0.0,2.0
36개월,0.0,1.0,0.0,2.0
45tfsi,0.0,1.0,0.0,2.0
6,0.0,1.0,0.0,2.0
60개월,0.0,1.0,0.0,2.0
awd,0.0,1.0,0.0,2.0
bmw glb,0.0,1.0,0.0,2.0
bmw x7,0.0,1.0,0.0,2.0
build your dreams,0.0,1.0,0.0,2.0
byd 판매량,0.0,1.0,0.0,2.0
fsd 한국 출시,0.0,1.0,0.0,2.0
fsd 현대차,0.0,1.0,0.0,2.0
g90은,0.0,1.0,0.0,2.0
x4,0.0,1.0,0.0,2.0
신차 취득세 계산 차량가격 부가세 제외 7% 공식,0.0,1.0,0.0,2.0
위택스 자동차 취득세율 비영업용 승용자동차 7%,0.0,1.0,0.0,2.0
ㅇㅇ,0.0,1.0,0.0,2.0
가격대,0.0,1.0,0.0,2.0
가격대는,0.0,1.0,0.0,2.0
가능테스트,0.0,1.0,0.0,2.0
강원도 동해시,0.0,1.0,0.0,2.0
계산해줘,0.0,1.0,0.0,2.0
구매 금액,0.0,1.0,0.0,2.0
기아ev9,0.0,1.0,0.0,2.0
네넹,0.0,1.0,0.0,2.0
다 알려줘,0.0,1.0,0.0,2.0
대전,0.0,1.0,0.0,2.0
대전 서구,0.0,1.0,0.0,2.0
둘다 비교해줘,0.0,1.0,0.0,2.0
롱바디,0.0,1.0,0.0,2.0
모두,0.0,1.0,0.0,2.0
배터리 종류,0.0,1.0,0.0,2.0
배터리는,0.0,1.0,0.0,2.0
베이스,0.0,1.0,0.0,2.0
보조금,0.0,1.0,0.0,2.0
볼보는?,0.0,1.0,0.0,2.0
부산 전기차 보조금,0.0,1.0,0.0,2.0
부산입니다.,0.0,1.0,0.0,2.0
비싼 차 순위,0.0,1.0,0.0,2.0
서울시 관악구,0.0,1.0,0.0,2.0
수입차량,0.0,1.0,0.0,2.0
신형 셀토스,0.0,1.0,0.0,2.0
아니 브랜드,0.0,1.0,0.0,2.0
아이오닉 v,0.0,1.0,0.0,2.0
안양,0.0,1.0,0.0,2.0
알고 싶어,0.0,1.0,0.0,2.0
얼마나 들어?,0.0,1.0,0.0,2.0
엉,0.0,1.0,0.0,2.0
옵션,0.0,1.0,0.0,2.0
울산,0.0,1.0,0.0,2.0
응 부탁해,0.0,1.0,0.0,2.0
이전비,0.0,1.0,0.0,2.0
자동차세금,0.0,1.0,0.0,2.0
전기차 가격 비교,0.0,1.0,0.0,2.0
전기차 국가보조금,0.0,1.0,0.0,2.0
전라남도 순천,0.0,1.0,0.0,2.0
전액현금,0.0,1.0,0.0,2.0
전체 순위,0.0,1.0,0.0,2.0
제네시스 g90 페이스리프트 출시일,0.0,1.0,0.0,2.0
제네시스 gv90,0.0,1.0,0.0,2.0
주니퍼 fsd 디시,0.0,1.0,0.0,2.0
주행가능거리,0.0,1.0,0.0,2.0
취등록세는?,0.0,1.0,0.0,2.0
테슬라 모델 y 프리미엄 rwd,0.0,1.0,0.0,2.0
테슬라 모델3 fsd 디시,0.0,1.0,0.0,2.0
테슬라 승용차,0.0,1.0,0.0,2.0
테슬라 프로모션,0.0,1.0,0.0,2.0
하이브리드,0.0,1.0,0.0,2.0
현대 아이오닉,0.0,1.0,0.0,2.0
현대전기차,0.0,1.0,0.0,2.0
화성시 동탄구,0.0,1.0,0.0,2.0
2026 비엠더블유 x6 가격,0.0,1.0,0.0,3.0
2026년 6월 기준,0.0,1.0,0.0,3.0
4000만원,0.0,1.0,0.0,3.0
520i,0.0,1.0,0.0,3.0
7월,0.0,1.0,0.0,3.0
eqb glb,0.0,1.0,0.0,3.0
ev5 보조금 후 가격,0.0,1.0,0.0,3.0
g80 옵션,0.0,1.0,0.0,3.0
korea,0.0,1.0,0.0,3.0
msp,0.0,1.0,0.0,3.0
q4 이트론,0.0,1.0,0.0,3.0
wjsrlck qhwhrma,0.0,1.0,0.0,3.0
스포티지 하이브리드 장기렌트 월 렌트료 2025,0.0,1.0,0.0,3.0
경기 하남시,0.0,1.0,0.0,3.0
경기도,0.0,1.0,0.0,3.0
둘다,0.0,1.0,0.0,3.0
