date,clicks,impressions,ctr,avg_position
2026-03-01,9.0,1317.0,0.0068000000000000005,6.4
2026-03-02,12.0,1514.0,0.0079,8.4
2026-03-03,2.0,1305.0,0.0015,8.6
2026-03-04,7.0,1405.0,0.005,6.3
2026-03-05,11.0,1231.0,0.0089,6.6
2026-03-06,6.0,1047.0,0.005699999999999999,8.5
2026-03-07,9.0,1022.0,0.0088,6.4
2026-03-08,11.0,1324.0,0.0083,6.3
2026-03-09,12.0,1293.0,0.009300000000000001,6.3
2026-03-10,12.0,2054.0,0.0058,5.9
2026-03-11,15.0,1231.0,0.012199999999999999,6.5
2026-03-12,10.0,1212.0,0.0083,7.1
2026-03-13,13.0,1146.0,0.0113,7.7
2026-03-14,13.0,1246.0,0.0104,6.1
2026-03-15,16.0,1275.0,0.0125,6.1
2026-03-16,19.0,1249.0,0.0152,6.5
2026-03-17,11.0,1457.0,0.0075,6.5
2026-03-18,9.0,1343.0,0.0067,6.2
2026-03-19,13.0,1606.0,0.008100000000000001,7.8
2026-03-20,8.0,1244.0,0.0064,7.4
2026-03-21,13.0,1604.0,0.008100000000000001,6.0
2026-03-22,16.0,1697.0,0.009399999999999999,6.1
2026-03-23,19.0,1540.0,0.0123,6.2
2026-03-24,11.0,1515.0,0.0073,6.0
2026-03-25,11.0,1591.0,0.0069,6.3
2026-03-26,18.0,1428.0,0.0126,6.2
2026-03-27,14.0,1554.0,0.009000000000000001,7.4
2026-03-28,8.0,1407.0,0.005699999999999999,6.5
2026-03-29,15.0,1446.0,0.0104,6.0
2026-03-30,11.0,1432.0,0.0077,6.4
2026-03-31,10.0,1274.0,0.0078000000000000005,6.2
2026-04-01,16.0,1425.0,0.011200000000000002,6.3
2026-04-02,20.0,1413.0,0.014199999999999999,6.2
2026-04-03,7.0,1242.0,0.005600000000000001,7.0
2026-04-04,11.0,1351.0,0.008100000000000001,6.1
2026-04-05,11.0,1708.0,0.0064,6.1
2026-04-06,13.0,1534.0,0.0085,6.3
2026-04-07,14.0,1500.0,0.009300000000000001,6.3
2026-04-08,26.0,1366.0,0.019,6.2
2026-04-09,17.0,1679.0,0.0101,6.9
2026-04-10,13.0,1398.0,0.009300000000000001,6.5
2026-04-11,12.0,1178.0,0.0102,6.7
2026-04-12,27.0,1605.0,0.0168,6.3
2026-04-13,10.0,1494.0,0.0067,6.5
2026-04-14,10.0,1732.0,0.0058,5.9
2026-04-15,12.0,1363.0,0.0088,7.2
2026-04-16,13.0,1364.0,0.0095,6.9
2026-04-17,7.0,1144.0,0.0060999999999999995,7.2
2026-04-18,8.0,1158.0,0.0069,6.5
2026-04-19,21.0,1354.0,0.0155,6.3
2026-04-20,10.0,1451.0,0.0069,6.5
2026-04-21,11.0,1445.0,0.0076,6.9
2026-04-22,13.0,1329.0,0.0098,6.8
2026-04-23,18.0,1860.0,0.0097,7.2
2026-04-24,13.0,1136.0,0.011399999999999999,7.0
2026-04-25,21.0,1314.0,0.016,6.9
2026-04-26,14.0,1435.0,0.0098,6.7
2026-04-27,13.0,1289.0,0.0101,7.2
2026-04-28,11.0,1238.0,0.0089,6.8
2026-04-29,11.0,1363.0,0.008100000000000001,6.8
2026-04-30,6.0,1268.0,0.004699999999999999,7.4
2026-05-01,8.0,994.0,0.008,7.5
2026-05-02,12.0,1225.0,0.0098,7.1
2026-05-03,10.0,1436.0,0.006999999999999999,6.4
2026-05-04,18.0,1314.0,0.0137,7.0
2026-05-05,15.0,1537.0,0.0098,6.9
2026-05-06,19.0,1139.0,0.0167,6.7
2026-05-07,8.0,1203.0,0.0067,7.9
2026-05-08,8.0,931.0,0.0086,6.8
2026-05-09,10.0,1154.0,0.0087,6.7
2026-05-10,13.0,1324.0,0.0098,6.6
2026-05-11,18.0,1289.0,0.013999999999999999,7.0
2026-05-12,12.0,1514.0,0.0079,6.9
2026-05-13,11.0,1246.0,0.0088,6.8
2026-05-14,6.0,1238.0,0.0048,6.9
2026-05-15,6.0,1054.0,0.005699999999999999,6.8
2026-05-16,15.0,1087.0,0.0138,6.9
2026-05-17,13.0,1390.0,0.009399999999999999,7.1
2026-05-18,17.0,1265.0,0.0134,7.0
2026-05-19,11.0,1250.0,0.0088,7.1
2026-05-20,4.0,1157.0,0.0034999999999999996,6.9
2026-05-21,13.0,1186.0,0.011000000000000001,7.0
2026-05-22,5.0,984.0,0.0051,7.7
2026-05-23,13.0,1083.0,0.012,6.9
2026-05-24,4.0,997.0,0.004,7.1
2026-05-25,12.0,1443.0,0.0083,6.7
2026-05-26,11.0,1566.0,0.006999999999999999,6.9
2026-05-27,10.0,1210.0,0.0083,6.8
2026-05-28,11.0,1174.0,0.009399999999999999,7.2
2026-05-29,16.0,1144.0,0.013999999999999999,7.4
2026-05-30,2.0,984.0,0.002,7.2
2026-05-31,17.0,1095.0,0.0155,7.0
2026-06-01,15.0,1364.0,0.011000000000000001,6.9
2026-06-02,8.0,1334.0,0.006,7.1
2026-06-03,10.0,1249.0,0.008,7.2
2026-06-04,11.0,1226.0,0.009000000000000001,7.4
2026-06-05,9.0,1054.0,0.0085,7.4
2026-06-06,7.0,822.0,0.0085,7.4
2026-06-07,9.0,1286.0,0.006999999999999999,6.9
2026-06-08,11.0,1392.0,0.0079,6.9
2026-06-09,10.0,1414.0,0.0070999999999999995,6.9
2026-06-10,7.0,1319.0,0.0053,6.9
2026-06-11,3.0,1102.0,0.0027,7.6
2026-06-12,11.0,1088.0,0.0101,6.9
2026-06-13,9.0,1176.0,0.0077,6.9
2026-06-14,5.0,1593.0,0.0031,7.0
2026-06-15,23.0,1327.0,0.0173,6.8
2026-06-16,20.0,1927.0,0.0104,7.1
2026-06-17,18.0,1612.0,0.011200000000000002,7.1
2026-06-18,19.0,1463.0,0.013000000000000001,6.7
2026-06-19,22.0,1395.0,0.0158,6.9
2026-06-20,15.0,1616.0,0.009300000000000001,7.0
2026-06-21,21.0,1579.0,0.013300000000000001,6.9
2026-06-22,24.0,1917.0,0.0125,6.5
2026-06-23,27.0,1703.0,0.0159,6.8
2026-06-24,33.0,1579.0,0.0209,6.5
2026-06-25,29.0,2070.0,0.013999999999999999,6.6
2026-06-26,25.0,1849.0,0.013500000000000002,6.7
2026-06-27,9.0,1679.0,0.0054,6.7
2026-06-28,18.0,1984.0,0.0091,6.5
2026-06-29,26.0,2194.0,0.011899999999999999,6.2
2026-06-30,24.0,2218.0,0.0108,6.3
2026-07-01,21.0,2163.0,0.0097,6.8
2026-07-02,21.0,1957.0,0.010700000000000001,6.5
2026-07-03,26.0,1915.0,0.013600000000000001,6.7
2026-07-04,17.0,1805.0,0.009399999999999999,6.9
2026-07-05,22.0,1967.0,0.011200000000000002,6.7
2026-07-06,21.0,1869.0,0.011200000000000002,6.9
2026-07-07,25.0,1868.0,0.0134,6.9
2026-07-08,15.0,1865.0,0.008,7.0
2026-07-09,37.0,2172.0,0.017,6.6
2026-07-10,30.0,2251.0,0.013300000000000001,6.6
2026-07-11,28.0,2120.0,0.0132,6.5
2026-07-12,36.0,3211.0,0.011200000000000002,6.1
2026-07-13,32.0,2254.0,0.014199999999999999,6.3
2026-07-14,32.0,2213.0,0.014499999999999999,6.2
2026-07-15,30.0,2029.0,0.0148,6.2
2026-07-16,23.0,2091.0,0.011000000000000001,6.4
2026-07-17,23.0,1834.0,0.0125,6.2
2026-07-18,33.0,1716.0,0.0192,6.1
2026-07-19,33.0,2167.0,0.0152,6.1
2026-07-20,24.0,2313.0,0.0104,6.4
2026-07-21,25.0,2206.0,0.0113,6.1
2026-07-22,28.0,2431.0,0.0115,6.4
2026-07-23,30.0,2260.0,0.013300000000000001,6.5
2026-07-24,27.0,2166.0,0.0125,6.4
2026-07-25,24.0,2355.0,0.0102,6.3
2026-07-26,45.0,3407.0,0.0132,6.6
