page,clicks,impressions,ctr,avg_position
https://carfia.co.kr/board/post/cmhivs6wk00ahnj5vfzvlvdht,405.0,20488.0,0.019799999999999998,6.2
https://carfia.co.kr/board/post/cmh2t3bs2004zki8uggwgwr21,189.0,10001.0,0.0189,6.29
https://carfia.co.kr/board/post/cmi5lm1nv007x14cutjjde6ny,137.0,3752.0,0.0365,5.21
https://carfia.co.kr/board/post/cmrd8ht920004qocq5jqqxo4a,119.0,5005.0,0.023799999999999998,3.82
https://carfia.co.kr/board/post/cmfxqovb001h56epmhbe6tyet,112.0,23005.0,0.0049,5.37
https://carfia.co.kr/board/post/cmh2sc4ox004uki8uawzs0kuw,108.0,31269.0,0.0034999999999999996,7.2
https://carfia.co.kr/board/post/cmih554zp002gsmrsxnrvxsrm,89.0,9631.0,0.0092,7.36
https://carfia.co.kr/board/post/cmqeivxp400bsqoxfupkl9cgf,79.0,1370.0,0.057699999999999994,5.8
https://carfia.co.kr/board/post/cmqajakng00adqoxf6q7w3l4z,78.0,2606.0,0.029900000000000003,5.91
https://carfia.co.kr/board/post/cmfupdvwz003s6epm1sti79gu,71.0,14344.0,0.0049,7.19
https://carfia.co.kr/board/post/cmqagvtjy00a5qoxfi2fn5k0v,54.0,3946.0,0.0137,5.59
https://carfia.co.kr/board/post/cmizd6h390007jg3tjjtq0v0f,52.0,7216.0,0.0072,6.93
https://carfia.co.kr/board/post/cmifnivqv000gsmrssweypm1x,48.0,3500.0,0.0137,5.97
https://carfia.co.kr/board/post/cmqqdslou005iqooe8q49w702,46.0,4468.0,0.0103,5.36
https://carfia.co.kr/board/post/cmr1u6cv00070qoo2dkdsz7fk,43.0,969.0,0.0444,5.21
https://carfia.co.kr/board/post/cmi4ayas3007814cupkjl48ne,42.0,10776.0,0.0039000000000000003,6.82
https://carfia.co.kr/board/post/cmqholwf800e8qoxf2km40a36,39.0,2544.0,0.015300000000000001,7.2
https://carfia.co.kr/board/post/cmqoiqpfl00heqoxf6bn1kxsy,36.0,8599.0,0.0042,6.5
https://carfia.co.kr/board/post/cmhaasdmn003pnj5vn5sjvz52,35.0,4190.0,0.0084,7.54
https://carfia.co.kr/board/post/cmqiqgwlj00eeqoxfnyfluc5z,28.0,2366.0,0.0118,8.12
https://carfia.co.kr/board/post/cmj6sxcam00a0dtcyn7ef81ug,27.0,1402.0,0.019299999999999998,6.53
https://carfia.co.kr/board/post/cmrimsc4e003pqocqv0mioijj,24.0,1502.0,0.016,4.96
https://carfia.co.kr/board/post/cmio9k5va0002fwai5vxep8ui,22.0,8659.0,0.0025,6.55
https://carfia.co.kr/board/post/cmpw2b66h0008qoxfto7kwuc4,19.0,858.0,0.022099999999999998,7.41
https://carfia.co.kr/board/post/cmqubhzzr002jqoo2azxmjid0,17.0,563.0,0.0302,5.31
https://carfia.co.kr/board/post/cmha63x1v0034nj5vh342xfwy,16.0,5508.0,0.0029,7.79
https://carfia.co.kr/board/post/cmr4nx83z000kqoeay728sd0i,16.0,1196.0,0.0134,7.65
https://carfia.co.kr/board/post/cmqyruscc004tqoo2ymqt2q69,15.0,412.0,0.0364,6.67
https://carfia.co.kr/board/post/cmipos1l2004wfwaijsl06axv,13.0,2200.0,0.0059,9.73
https://carfia.co.kr/board/post/cmowceato0072qo8vb9kpp60n,13.0,500.0,0.026000000000000002,6.69
https://carfia.co.kr/board/post/cmis4u4wi008yfwaiepvfxdiw,12.0,337.0,0.0356,12.86
https://carfia.co.kr/board/post/cmqstuhkd000tqoo2hvchisbg,10.0,680.0,0.0147,7.03
https://carfia.co.kr/board/post/cmqet0b2v00c7qoxfgnnz156d,10.0,599.0,0.0167,5.67
https://carfia.co.kr/board/hotdeal,9.0,3786.0,0.0024,8.0
https://carfia.co.kr/board/post/cmfwazrq0016o6epm7urv6qnq,9.0,1126.0,0.008,6.92
https://carfia.co.kr/board/post/cmii9iqfx0038smrszx4172qq,9.0,1095.0,0.008199999999999999,6.25
https://carfia.co.kr/board/post/cmrkcvqn0005iqocqqkl2orh7,9.0,339.0,0.0265,5.97
https://carfia.co.kr/board/post/cmqu7kycn001vqoo29nbp9cep,9.0,168.0,0.0536,6.88
https://carfia.co.kr/board/post/cmk25x6m40002rou9q2dvf6up,8.0,1511.0,0.0053,9.21
https://carfia.co.kr/board/post/cmqq25ej400ixqoxf2jsmouc8,8.0,387.0,0.0207,4.61
https://carfia.co.kr/board/post/cmr8l7oe9002qqoealeh16wmn,8.0,215.0,0.037200000000000004,6.93
https://carfia.co.kr/board/post/cmrisfh6n003xqocq7j2of6ap,8.0,200.0,0.04,6.59
https://carfia.co.kr/board/post/cmmn1ch0h001nqonguutmklhz,8.0,180.0,0.0444,7.01
https://carfia.co.kr/board/post/cmqrib8890008qopop35cef2s,7.0,635.0,0.011000000000000001,7.76
https://carfia.co.kr/board/post/cmqfwnsdf00chqoxffozxb3n8,6.0,475.0,0.0126,7.43
https://carfia.co.kr/board/post/cmmlrg6gy000aqongxepkpj8q,6.0,347.0,0.0173,9.27
https://carfia.co.kr/board/post/cmogpjg4l001yqokh4l6v00q2,6.0,267.0,0.0225,8.25
https://carfia.co.kr/board/post/cmrk2aa9o004vqocq5rp6pgkx,6.0,202.0,0.0297,5.14
https://carfia.co.kr/board/post/cmru8k2em004wqoxk1maui9mb,6.0,73.0,0.08220000000000001,6.18
https://carfia.co.kr/board/post/cmp3lf6co00bkqo8v9kdnigj7,5.0,906.0,0.0055000000000000005,7.14
https://carfia.co.kr/board/post/cmnnx8128000iqoiinasiol2o,5.0,559.0,0.0089,7.71
https://carfia.co.kr/board/post/cmhjz7h0y00b6nj5vqgz6qqyh,5.0,467.0,0.010700000000000001,4.64
https://carfia.co.kr/board/post/cmpm1tc3b004pqol0pjc84qbt,5.0,373.0,0.0134,7.35
https://carfia.co.kr/board/post/cmnfkm6ia0011qo99wz3dhxl4,5.0,296.0,0.0169,6.33
https://carfia.co.kr/board/post/cmrmswme7006wqocqetz5dj2o,5.0,133.0,0.037599999999999995,4.85
https://carfia.co.kr/board/post/cmff79w1a0008raifer47yuxj,5.0,64.0,0.0781,6.23
https://carfia.co.kr/board/post/cms13cfbi00anqoxkat9u90c4,5.0,35.0,0.1429,10.26
https://carfia.co.kr/board/post/cmreomt4l001lqocqg8cna8yc,4.0,1696.0,0.0024,7.05
https://carfia.co.kr/board/new-car-promotion,4.0,700.0,0.005699999999999999,7.16
https://carfia.co.kr/board/post/cml5x1hfb000aqofp4ri2fpip,4.0,507.0,0.0079,8.21
https://carfia.co.kr/board/post/cmpz0tyq00030qoxfoo7phcep,4.0,411.0,0.0097,6.06
https://carfia.co.kr/board/post/cmqj4unhz00f3qoxf7m5njoh5,4.0,304.0,0.0132,5.93
https://carfia.co.kr/board/post/cmj2efa0e007fdtcy6eu1n8v2,4.0,263.0,0.0152,9.52
https://carfia.co.kr/board/post/cmhlooieg007wns48tz6omoy3,4.0,246.0,0.0163,9.0
https://carfia.co.kr/board/post/cmoquhp9q003eqo8vxt0v7cw6,4.0,175.0,0.0229,3.97
https://carfia.co.kr/board/post/cmogso84l0022qokhvtcw1e4q,4.0,154.0,0.026000000000000002,10.61
https://carfia.co.kr/board/post/cmr9yd8sc000sqoh5a5jt55s2,4.0,141.0,0.028399999999999998,4.66
https://carfia.co.kr/board/post/cmrx8z8ku008bqoxket34nyft,4.0,100.0,0.04,14.92
https://carfia.co.kr/board/post/cmp508m8k00cmqo8v6p99pst5,4.0,99.0,0.0404,7.57
https://carfia.co.kr/board/post/cmqkbwbw200g6qoxf87fh2sgb,4.0,69.0,0.057999999999999996,6.72
https://carfia.co.kr/board/post/cmicrlit7000mwjgnabcantkk,3.0,701.0,0.0043,9.95
https://carfia.co.kr/board/post/cmfnbjz7a001nqkxiu7rki2oi,3.0,454.0,0.0066,5.84
https://carfia.co.kr/board/post/cmrbq1lez002eqoh5pq6v42l8,3.0,430.0,0.006999999999999999,5.33
https://carfia.co.kr/board/post/cmrskaaak0039qoxkvhlmkd9j,3.0,238.0,0.0126,7.34
https://carfia.co.kr/board/post/cmrmx88bt007hqocqomiu2rl6,3.0,146.0,0.020499999999999997,6.75
https://carfia.co.kr/board/post/cmknlf9zn062alya4waa3qn99,3.0,138.0,0.0217,5.67
https://carfia.co.kr/board/post/cmj6s711k009vdtcytkdo97it,3.0,70.0,0.0429,9.96
https://carfia.co.kr/board/post/cmi893m0a00bx14cujk6frkap,2.0,504.0,0.004,6.57
https://carfia.co.kr/board/post/cmr36kkza0087qoo2z0pcwv6x,2.0,372.0,0.0054,5.97
https://carfia.co.kr/board/post/cmr09ujsc005xqoo2c5ec5xpw,2.0,163.0,0.0123,6.87
https://carfia.co.kr/board/post/cmha7d8em003gnj5v74uuz615,2.0,150.0,0.013300000000000001,6.93
https://carfia.co.kr/board/post/cmq60ukal006hqoxfrmmy9d1e,2.0,145.0,0.0138,7.32
https://carfia.co.kr/board/post/cmrlen7ea005vqocq2bn6bmpu,2.0,101.0,0.019799999999999998,7.48
https://carfia.co.kr/board/post/cmp6carwv00e9qo8v01zyfg8k,2.0,86.0,0.0233,6.01
https://carfia.co.kr/board/post/cmlal13hm002tqof32vmvgkuc,2.0,60.0,0.0333,8.07
https://carfia.co.kr/board/post/cmeb18dv6000hapel0dkfjbyp,2.0,34.0,0.0588,7.5
https://carfia.co.kr/board/post/cmqajt6kq00aeqoxfz5nfy2tp,2.0,24.0,0.0833,4.75
https://carfia.co.kr/board/post/cmrd63s5q0000qocqno6qbami,2.0,18.0,0.11109999999999999,6.28
https://carfia.co.kr/board/post/cmrznwkqq00a6qoxk3gshbsyt,2.0,15.0,0.1333,18.27
https://carfia.co.kr/board/post/cmrlf1ccw0068qocq9s71pv0h,1.0,1525.0,0.0007000000000000001,6.38
https://carfia.co.kr/board/post/cmhjzh1bg00b8nj5v8bzv4vkr,1.0,658.0,0.0015,4.3
https://carfia.co.kr/board/post/cmfcbcgye0000u2285dejbdbf,1.0,476.0,0.0021,6.85
https://carfia.co.kr/board/post/cmi73vgee00ao14cumjxgx6zp,1.0,461.0,0.0022,11.79
https://carfia.co.kr/board/post/cmhx6awpt00466r7mikw8zj31,1.0,273.0,0.0037,11.2
https://carfia.co.kr/board/post/cmj7zqca700b4dtcygfcu4nf1,1.0,252.0,0.004,7.18
https://carfia.co.kr/board/post/cmgsx49dj00krr5z4fcld6v7s,1.0,169.0,0.0059,12.54
https://carfia.co.kr/board/post/cmkm4qjhl04vtlya4at1v3jq7,1.0,163.0,0.0060999999999999995,8.66
https://carfia.co.kr/board/post/cmqac603v00a2qoxfwzkrbrp2,1.0,148.0,0.0068000000000000005,5.28
https://carfia.co.kr/board/post/cmq8x7q2l008rqoxf72cjiodl,1.0,148.0,0.0068000000000000005,7.63
https://carfia.co.kr/board/post/cmlajyuvy002qqof3c55r53hg,1.0,140.0,0.0070999999999999995,12.07
https://carfia.co.kr/board/notice,1.0,86.0,0.0116,11.28
https://carfia.co.kr/board/post/cmp55t4co00cyqo8vv2hnbgnj,1.0,82.0,0.012199999999999999,8.73
https://carfia.co.kr/board/post/cmmspn6hr004vqongei46pcfb,1.0,64.0,0.015600000000000001,8.11
https://carfia.co.kr/board/post/cmoqjja3h002sqo8vnxydlsy2,1.0,58.0,0.0172,6.88
https://carfia.co.kr/board/post/cmq7ezqd2007eqoxfch6ep4kb,1.0,51.0,0.0196,6.59
https://carfia.co.kr/board/post/cmrykseco009iqoxkron1yisl,1.0,36.0,0.0278,7.64
https://carfia.co.kr/board/post/cmf67kmf600bhq99kq1b9wdje,1.0,31.0,0.0323,17.35
https://carfia.co.kr/board/new-car-review,1.0,26.0,0.0385,9.15
https://carfia.co.kr/board/post/cmiwq5aod000412g3199iv6b7,1.0,21.0,0.047599999999999996,5.67
https://carfia.co.kr/board/post/cmi8839x500bo14cu323355d9,1.0,18.0,0.0556,4.56
https://carfia.co.kr/board/post/cmnr2ddq8001tqo8rtw3b1nlx,1.0,12.0,0.0833,7.5
https://carfia.co.kr/board/post/cmrzkouhf00a2qoxk68ujoarn,1.0,6.0,0.16670000000000001,2.17
https://carfia.co.kr/board/post/cmjqvqwx8009eewhj6js4azt0,1.0,2.0,0.5,1.0
https://carfia.co.kr/board/post/cmf68kla100boq99kz1ahmxyy,0.0,269.0,0.0,20.66
https://carfia.co.kr/board/post/cmhn3bydb00c4ns48kpwp4z3q,0.0,205.0,0.0,17.65
https://carfia.co.kr/board/post/cmfmb2fx10002qkxi4jq8selk,0.0,204.0,0.0,15.71
https://carfia.co.kr/board/post/cmpw1vyc00007qoxfzulyi4un,0.0,181.0,0.0,6.65
https://carfia.co.kr/board/post/cmqunwl0z002vqoo2u9xtsxgi,0.0,180.0,0.0,6.09
https://carfia.co.kr/board/post/cmkm0k9z804i7lya4d2y8xuq2,0.0,168.0,0.0,14.44
https://carfia.co.kr/board/post/cmqylpze0004jqoo2f29vsd4r,0.0,115.0,0.0,7.97
https://carfia.co.kr/board/post/cmqhiay5k00e1qoxf0eg1ija8,0.0,109.0,0.0,7.26
https://carfia.co.kr/board/news-imported,0.0,77.0,0.0,3.29
https://carfia.co.kr/board/post/cmkm6m1rd0521lya4w3mggbem,0.0,74.0,0.0,7.49
https://carfia.co.kr/board/post/cmgswnc6d00kpr5z40gf3o6by,0.0,73.0,0.0,8.19
https://carfia.co.kr/board/post/cmfbvo2jx00l4q99kgrtetc2e,0.0,72.0,0.0,15.51
https://carfia.co.kr/board/post/cmgkgj91m00aur5z4ti9xrurm,0.0,60.0,0.0,20.82
https://carfia.co.kr/board/post/cmmn2tb9f001pqong71ahiden,0.0,53.0,0.0,6.94
https://carfia.co.kr/board/post/cmow8mq89006vqo8vpm0gc1bw,0.0,52.0,0.0,7.23
https://carfia.co.kr/board/post/cmrypbf50009xqoxkznku3v73,0.0,50.0,0.0,8.02
https://carfia.co.kr/board/leaserent,0.0,49.0,0.0,9.9
https://carfia.co.kr/board/news-domestic,0.0,48.0,0.0,4.17
https://carfia.co.kr/board/post/cmr068rvw005tqoo2murylxjj,0.0,45.0,0.0,6.89
https://carfia.co.kr/board/post/cmkm5asbc04zilya4otnwzf6z,0.0,40.0,0.0,11.55
https://carfia.co.kr/board/post/cmehv44lu007gapelquucosbp,0.0,40.0,0.0,14.1
https://carfia.co.kr/board/post/cmogr6ic00021qokhwhw438c7,0.0,39.0,0.0,12.28
https://carfia.co.kr/board/post/cmis6h3vt0099fwaiarf1hujl,0.0,36.0,0.0,5.92
https://carfia.co.kr/board/post/cmru7o0ph004vqoxk6icih2je,0.0,36.0,0.0,7.83
https://carfia.co.kr/board/post/cmis6h6nx009afwai2qhldx7n,0.0,35.0,0.0,8.37
https://carfia.co.kr/board/post/cmi87z0wd00bk14cuskdu4in3,0.0,34.0,0.0,2.26
https://carfia.co.kr/board/post/cmeb458p9001japelhst70960,0.0,31.0,0.0,11.23
https://carfia.co.kr/board/post/cmhikhezg009lnj5vxtf5npio,0.0,30.0,0.0,8.03
https://carfia.co.kr/board/post/cmrzn6uvr00a5qoxkf7rwfpit,0.0,28.0,0.0,11.71
https://carfia.co.kr/board/notice?1758585600061,0.0,26.0,0.0,4.54
https://carfia.co.kr/board/post/cmfxqp0d801h66epm9yzbqinr,0.0,24.0,0.0,5.79
https://carfia.co.kr/board/post/cmmwtgyee008jqong94qvbmlb,0.0,23.0,0.0,11.35
https://carfia.co.kr/board/post/cmlgbahox005kqof3m3f3z12v,0.0,22.0,0.0,7.09
https://carfia.co.kr/board/notice?1763683200075,0.0,19.0,0.0,4.95
https://carfia.co.kr/board/post/cmgsucs7u00knr5z4i8f1zkr0,0.0,19.0,0.0,5.74
https://carfia.co.kr/board/rent,0.0,19.0,0.0,6.05
https://carfia.co.kr/board/post/cmrx7xrym0088qoxkf7hdtcu9,0.0,18.0,0.0,7.94
https://carfia.co.kr/board/post/cmhjv7slu00awnj5vs3h6uwf9,0.0,16.0,0.0,4.94
https://carfia.co.kr/board/post/cmeb35ah30013apelq51xoi9z,0.0,16.0,0.0,6.0
https://carfia.co.kr/board/post/cmp4x7y1j00clqo8v2raltmj1,0.0,16.0,0.0,8.5
https://carfia.co.kr/board/post/cmry6ypp2008eqoxk1wowff22,0.0,14.0,0.0,7.07
https://carfia.co.kr/board/post/cmry6ypzx008gqoxkihw87hov,0.0,14.0,0.0,7.07
https://carfia.co.kr/board/post/cmrehug4x0013qocqjdevlk1t,0.0,14.0,0.0,8.29
https://carfia.co.kr/board/post/cmeb2qtbt000xapeln06w5jzy,0.0,13.0,0.0,4.77
https://carfia.co.kr/board/post/cmfdocgg2002tu228countm49,0.0,13.0,0.0,9.23
https://carfia.co.kr/board/post/cmfwb8jdq016t6epmf4v0155v,0.0,12.0,0.0,5.58
https://carfia.co.kr/board/post/cmjquyd3z0099ewhj06kr39xs,0.0,12.0,0.0,6.25
https://carfia.co.kr/board/post/cmiwrejqb000al21cqejizjwy,0.0,12.0,0.0,6.58
https://carfia.co.kr/board/post/cmfdn0mxk002lu2288omnwoiy,0.0,12.0,0.0,8.67
https://carfia.co.kr/board/post/cmrsn7tun003jqoxktt1w5e16,0.0,12.0,0.0,16.5
https://carfia.co.kr/board/post/cmha6435l0035nj5v6e9xr4il,0.0,11.0,0.0,5.0
https://carfia.co.kr/board/notice?1757660400042,0.0,11.0,0.0,5.82
https://carfia.co.kr/board/post/cmob2i4xq0009qovpcaixb5u2,0.0,10.0,0.0,5.1
https://carfia.co.kr/board/notice?1759410000036,0.0,10.0,0.0,5.8
https://carfia.co.kr/board/post/cmp55o92500cvqo8vbld9n56u,0.0,9.0,0.0,4.89
https://carfia.co.kr/board/post/cms105ywk00akqoxkpeiz8vf9,0.0,9.0,0.0,9.22
https://carfia.co.kr/board/post/cmgkg7vtj00aqr5z4apnh05th,0.0,8.0,0.0,5.38
https://carfia.co.kr/board/post/cmhn0yb3i00atns48ip7rx50c,0.0,8.0,0.0,7.12
https://carfia.co.kr/board/post/cmgsu4upd00klr5z43c9kqrdq,0.0,8.0,0.0,8.25
https://carfia.co.kr/board/post/cmeb138v2000eapelhrm9mztk,0.0,7.0,0.0,6.14
https://carfia.co.kr/board/post/cmiwqw3jy0002l21c0uyyvjho,0.0,7.0,0.0,7.43
https://carfia.co.kr/board/news,0.0,7.0,0.0,8.29
https://carfia.co.kr/board/notice?1758240000064,0.0,6.0,0.0,1.0
https://carfia.co.kr/board/post/cmp556iky00csqo8vcyb1bdid,0.0,6.0,0.0,7.17
https://carfia.co.kr/board/post/cmry6ypv9008fqoxkdr3te1nv,0.0,6.0,0.0,8.0
https://carfia.co.kr/board/post/cms16k6ey00atqoxkewamx7ki,0.0,6.0,0.0,13.33
https://carfia.co.kr/board/encar,0.0,5.0,0.0,4.4
https://carfia.co.kr/board/post/cmrx8wev50089qoxkv2fz5ilc,0.0,5.0,0.0,5.8
https://carfia.co.kr/board/post/cmjqv0wah009aewhjzw5rjy4i,0.0,5.0,0.0,7.2
https://carfia.co.kr/board/post/cms14yark00asqoxkgnyk7lv7,0.0,5.0,0.0,8.8
https://carfia.co.kr/board/post/cmrk7rxpe005aqocqk4lqeudp,0.0,4.0,0.0,6.5
https://carfia.co.kr/board/post/cmjqvw1l4009iewhjff4trumq,0.0,4.0,0.0,7.5
https://carfia.co.kr/board/post/cmryme9qd009lqoxkdw0kns4q,0.0,4.0,0.0,8.0
https://carfia.co.kr/board/post/cmfdna560002mu228dpbx52zp,0.0,4.0,0.0,8.75
https://carfia.co.kr/board/post/cms11rudk00amqoxke9aixkjl,0.0,4.0,0.0,10.75
https://carfia.co.kr/board/new-car-promotion?1755734400067,0.0,2.0,0.0,3.0
https://carfia.co.kr/board/post/cmjquuqnb0097ewhj02u97vm5,0.0,2.0,0.0,5.0
https://carfia.co.kr/board/rent?1763769600060,0.0,2.0,0.0,6.5
https://carfia.co.kr/board/news-model,0.0,2.0,0.0,7.0
https://carfia.co.kr/board/lease?1763683200069,0.0,2.0,0.0,9.5
https://carfia.co.kr/board/post/cms2ke5b600c8qoxkyrokn7fd,0.0,2.0,0.0,17.5
https://carfia.co.kr/board/cartip,0.0,2.0,0.0,24.0
https://carfia.co.kr/board/hotdeal?1757808000064,0.0,1.0,0.0,1.0
https://carfia.co.kr/board/notice?1758902400036,0.0,1.0,0.0,1.0
https://carfia.co.kr/board/post/cms2rw95n00clqoxkq2yjry1i,0.0,1.0,0.0,1.0
https://carfia.co.kr/board/post/cmryo054z009wqoxkheqzfacx,0.0,1.0,0.0,4.0
https://carfia.co.kr/board/post/cmp54trr000crqo8vfx6zb34t,0.0,1.0,0.0,7.0
https://carfia.co.kr/board/post/cmp55qd6n00cxqo8vrxikgzxq,0.0,1.0,0.0,8.0
https://carfia.co.kr/board/post/cmrzpig6h00a8qoxkzmfn0uwt,0.0,1.0,0.0,8.0
https://carfia.co.kr/board/post/cms2m00tf00c9qoxk9uo2fcvb,0.0,1.0,0.0,8.0
https://carfia.co.kr/board/new-car-promotion?1763218800052,0.0,1.0,0.0,10.0
https://carfia.co.kr/board/post/cmjquxhjx0098ewhj0d7qnu4k,0.0,1.0,0.0,11.0
https://carfia.co.kr/board/post/cmrznxv5100a7qoxkv5mg27o2,0.0,1.0,0.0,11.0
https://carfia.co.kr/board/post/cmh2ui7uq0056ki8u0nkpxlzu,0.0,1.0,0.0,47.0
