query,clicks,impressions,ctr,avg_position
bms a079,65.0,2000.0,0.0325,4.66
테슬라 bms,52.0,1697.0,0.030600000000000002,4.74
ev5 단점,49.0,630.0,0.07780000000000001,2.15
테슬라 bms a079,22.0,482.0,0.045599999999999995,4.05
ev5 장단점,22.0,164.0,0.1341,1.62
bmw 할인 프로모션 2026,17.0,538.0,0.0316,7.15
수입차 판매순위,13.0,1647.0,0.0079,2.91
국산 세단 순위,11.0,353.0,0.031200000000000002,2.75
ev5,10.0,531.0,0.018799999999999997,18.89
아반떼 장기렌트 비용,8.0,521.0,0.0154,5.93
bms 테슬라,8.0,482.0,0.0166,5.08
자동차 판매 순위,8.0,450.0,0.0178,7.98
테슬라 bms 에러,8.0,350.0,0.0229,5.49
수입전기차,8.0,132.0,0.060599999999999994,3.98
국산 자동차 가격 순위,7.0,1025.0,0.0068000000000000005,8.92
국산차 판매순위,7.0,849.0,0.008199999999999999,6.96
테슬라 배터리 이슈,7.0,382.0,0.0183,6.46
bms 오류,7.0,229.0,0.030600000000000002,4.85
테슬라 bms 문제,7.0,164.0,0.042699999999999995,3.23
bmw 프로모션,7.0,154.0,0.0455,10.75
테슬라 bms 이슈,7.0,146.0,0.0479,3.01
수입 전기차 종류,7.0,135.0,0.0519,4.32
제네시스 g90 풀체인지 출시일,7.0,41.0,0.1707,6.61
외제차 순위,6.0,663.0,0.009000000000000001,3.68
아반떼 장기렌트,6.0,298.0,0.020099999999999996,7.06
ev5 후기,6.0,181.0,0.0331,12.6
수입 전기차,6.0,145.0,0.0414,4.94
glb eq,6.0,62.0,0.0968,3.4
테슬라 bms a079 리콜,6.0,60.0,0.1,4.22
아우디 3월 프로모션,6.0,32.0,0.1875,5.19
g90 신형 출시일,6.0,28.0,0.2143,5.96
핫딜게시판,5.0,2734.0,0.0018,8.07
외제차 브랜드 순위,5.0,1815.0,0.0028000000000000004,1.77
자동차 판매량,5.0,944.0,0.0053,7.4
수입차 판매 순위,5.0,207.0,0.0242,3.43
bms 079,5.0,125.0,0.04,6.05
모델3 bms,5.0,71.0,0.0704,3.75
테슬라 bms-a079 리콜,5.0,70.0,0.07139999999999999,2.39
ev5 평가,5.0,59.0,0.08470000000000001,2.34
glb ev,5.0,47.0,0.10640000000000001,4.66
g90 풀체인지 출시일,5.0,39.0,0.1282,7.0
아우디 6월 프로모션,5.0,20.0,0.25,5.05
a079,4.0,334.0,0.012,5.85
아우디 프로모션,4.0,240.0,0.0167,8.4
외제차 가격 순위 2025,4.0,170.0,0.0235,4.53
2026년 출시 예정 전기차,4.0,164.0,0.024399999999999998,8.32
폴스타 3 실구매가,4.0,158.0,0.0253,7.42
cla 전기차,4.0,154.0,0.026000000000000002,5.42
테슬라 a079,4.0,148.0,0.027000000000000003,5.16
cla ev,4.0,125.0,0.032,3.86
수입차 판매 순위 2025,4.0,96.0,0.0417,4.0
x4 단종,4.0,57.0,0.0702,3.88
기아 ev5 단점,4.0,45.0,0.0889,2.02
6월 수입차 판매순위,4.0,40.0,0.1,8.75
6월 수입차 판매량,4.0,37.0,0.1081,4.24
아우디 프로모션 2026,4.0,37.0,0.1081,5.05
핫딜 게시판,3.0,890.0,0.0034000000000000002,7.99
차량 판매 순위,3.0,544.0,0.0055000000000000005,8.33
시라이언7,3.0,374.0,0.008,7.44
수입차 브랜드,3.0,317.0,0.0095,4.63
byd 시라이언,3.0,288.0,0.0104,7.7
수입차 브랜드 순위,3.0,269.0,0.011200000000000002,3.09
한국 자동차 순위,3.0,269.0,0.011200000000000002,6.51
첫차 추천,3.0,210.0,0.0143,6.79
국내 자동차 판매량,3.0,197.0,0.0152,8.19
인기 자동차 순위,3.0,179.0,0.0168,6.41
2026 전기차,3.0,98.0,0.030600000000000002,2.54
테슬라 bms a079 에러,3.0,88.0,0.0341,4.74
ev5 급속충전,3.0,83.0,0.0361,5.02
테슬라 bms 보증,3.0,79.0,0.038,5.14
아우디 할인,3.0,72.0,0.0417,8.72
bmw x4 단종,3.0,58.0,0.051699999999999996,3.57
사회초년생 첫차 추천,3.0,18.0,0.16670000000000001,6.06
st1 pv5 비교,3.0,17.0,0.1765,1.88
국산차 추천 2025,2.0,876.0,0.0023,6.15
자동차 판매량 순위,2.0,817.0,0.0024,8.7
자동차판매순위,2.0,538.0,0.0037,8.13
수입차 프로모션,2.0,416.0,0.0048,10.08
국산차 순위,2.0,411.0,0.0049,6.83
수입차 판매량,2.0,376.0,0.0053,6.6
자동차 순위,2.0,320.0,0.0062,7.8
ev5 충전속도,2.0,239.0,0.0084,6.28
한국 자동차 판매 순위,2.0,223.0,0.009000000000000001,7.82
외제차 판매순위,2.0,203.0,0.009899999999999999,5.18
수입차 순위,2.0,194.0,0.0103,2.96
테슬라 bms 오류,2.0,181.0,0.011000000000000001,6.42
국산차 가격 순위,2.0,168.0,0.011899999999999999,8.17
스포티지 장기렌트 가격,2.0,151.0,0.0132,4.27
폴스타3 가격,2.0,145.0,0.0138,8.03
수입차판매순위,2.0,135.0,0.0148,8.35
차량 판매순위,2.0,128.0,0.015600000000000001,7.48
국내 전기차 판매량 순위 2025,2.0,124.0,0.0161,9.17
국내 자동차 판매량 2025,2.0,116.0,0.0172,6.3
테슬라 배터리 안심케어,2.0,96.0,0.0208,5.9
테슬라 bms a079 미국,2.0,81.0,0.024700000000000003,7.33
해외 전기차 종류,2.0,80.0,0.025,5.96
아이오닉9 보조금,2.0,75.0,0.026699999999999998,8.16
byd 시라이언7,2.0,68.0,0.0294,7.69
기아 ev5 장단점,2.0,62.0,0.0323,2.44
벤츠 cla 전기차 가격,2.0,62.0,0.0323,5.71
테슬라 실구매가 2026,2.0,61.0,0.032799999999999996,7.57
외제 suv 차량 인기 순위,2.0,56.0,0.035699999999999996,4.02
pv5 단점,2.0,50.0,0.04,9.46
외제차 판매량,2.0,49.0,0.0408,3.53
g80 할인,2.0,37.0,0.0541,7.3
아우디 5월 프로모션,2.0,35.0,0.0571,6.51
bmw 6월 프로모션,2.0,34.0,0.0588,6.94
벤츠 3월 프로모션,2.0,32.0,0.0625,7.0
테슬라 배터리 종류,2.0,29.0,0.069,4.03
기아 ev5 후기,2.0,27.0,0.0741,8.81
폴스타 3 국내 가격,2.0,24.0,0.0833,7.79
cn8,2.0,19.0,0.10529999999999999,8.89
첫차추천,2.0,15.0,0.1333,7.33
수입 suv 판매순위,2.0,13.0,0.15380000000000002,4.15
아우디 7월 프로모션,2.0,12.0,0.16670000000000001,5.08
테슬라 fsd 한국 언제,2.0,11.0,0.1818,7.91
아이오닉 9 보조금,2.0,11.0,0.1818,8.27
bmw 7월 프로모션,2.0,10.0,0.2,4.6
폴스타3 주행거리,2.0,10.0,0.2,9.0
아우디 a3 프로모션,2.0,9.0,0.22219999999999998,12.67
g90 페이스리프트 출시일,2.0,9.0,0.22219999999999998,13.33
6월 전기차 판매량,2.0,6.0,0.3333,2.33
벤츠 7월 프로모션,2.0,6.0,0.3333,8.33
아우디 q5 프로모션,2.0,3.0,0.6667000000000001,8.33
아우디 a5 26년식,2.0,2.0,1.0,21.5
국내 자동차 판매량 순위 2025,1.0,844.0,0.0012,8.09
차량판매순위,1.0,437.0,0.0023,7.19
국내 차량 판매 순위,1.0,421.0,0.0024,7.39
시라이언,1.0,341.0,0.0029,8.61
한국 자동차 브랜드 순위,1.0,312.0,0.0032,6.81
국산차 판매량,1.0,202.0,0.005,5.69
e200 amg line,1.0,188.0,0.0053,3.89
자동차판매량,1.0,185.0,0.0054,7.69
ev5 배터리 용량,1.0,184.0,0.0054,8.58
국산차 판매량 순위,1.0,151.0,0.0066,7.29
수입 전기차 순위,1.0,133.0,0.0075,7.02
국내 자동차 브랜드 판매량 순위,1.0,130.0,0.0077,8.11
국내 자동차 판매량 통계,1.0,129.0,0.0078000000000000005,11.67
수입차 판매량 순위,1.0,127.0,0.0079,3.1
아반떼 렌트,1.0,117.0,0.0085,6.91
자동차 가격 순위,1.0,117.0,0.0085,7.97
외제차 가격 순위,1.0,115.0,0.0087,7.09
한국 차량 판매 순위,1.0,115.0,0.0087,7.26
국내 suv 판매 순위,1.0,114.0,0.0088,9.15
2026 제네시스 g80 가격,1.0,113.0,0.0088,9.09
e200 아방가르드,1.0,102.0,0.0098,1.0
차 판매 순위,1.0,99.0,0.0101,7.67
외제차 세단 순위,1.0,97.0,0.0103,3.63
신차 프로모션,1.0,95.0,0.0105,11.06
bms오류,1.0,90.0,0.0111,4.51
bms 이슈,1.0,84.0,0.011899999999999999,3.21
전세계 자동차 판매량 순위 2026,1.0,77.0,0.013000000000000001,7.4
bmw 2026 신차,1.0,67.0,0.0149,3.6
국내 수입차 판매순위,1.0,66.0,0.0152,3.44
2025 자동차 판매량,1.0,60.0,0.0167,7.12
국내 자동차 브랜드 점유율,1.0,60.0,0.0167,8.33
아반떼 장기렌트 후기,1.0,60.0,0.0167,8.82
자동차 판매실적,1.0,58.0,0.0172,7.24
ev5 리뷰,1.0,52.0,0.0192,8.73
수입차판매,1.0,50.0,0.02,8.2
시라이언 7,1.0,49.0,0.0204,7.57
아우디 할인 프로모션,1.0,48.0,0.0208,8.69
자율주행 자동차 브랜드,1.0,46.0,0.0217,3.28
bmw 할인,1.0,46.0,0.0217,10.67
bmw 신차 프로모션,1.0,44.0,0.0227,8.27
자동차 판매량 순위 2026,1.0,42.0,0.023799999999999998,6.21
수입 전기차 종류 와 가격,1.0,41.0,0.024399999999999998,9.98
기아 st1,1.0,39.0,0.0256,2.59
아반떼 장기렌트 디시,1.0,38.0,0.0263,10.53
테슬라 bms-a079,1.0,36.0,0.0278,4.69
자동차순위,1.0,36.0,0.0278,7.14
테슬라 lfp 배터리,1.0,35.0,0.0286,4.94
cla 2026,1.0,32.0,0.031200000000000002,5.38
아우디 a6 풀체인지 가격,1.0,31.0,0.0323,7.19
현대자동차 60개월 무이자 할부,1.0,30.0,0.0333,1.0
아우디 4월 프로모션,1.0,30.0,0.0333,5.67
glb 풀체인지,1.0,28.0,0.035699999999999996,6.07
볼보 es90 배터리 제조사,1.0,27.0,0.037000000000000005,3.22
테슬라 전기차 보조금 2026,1.0,26.0,0.0385,7.88
bmw x4 프로모션 가격,1.0,25.0,0.04,9.08
ev5 후기 디시,1.0,24.0,0.0417,6.04
한국자동차 브랜드 순위,1.0,24.0,0.0417,6.62
모델y bms,1.0,24.0,0.0417,7.04
국내 전기차 판매량 순위 2026,1.0,23.0,0.0435,8.91
테슬라 자체 보조금,1.0,22.0,0.0455,9.95
2026년 6월 자동차 판매량,1.0,21.0,0.047599999999999996,2.81
기아 자동차 판매량 순위,1.0,21.0,0.047599999999999996,6.67
수입전기차 순위,1.0,21.0,0.047599999999999996,6.67
폴스타3 실구매가,1.0,21.0,0.047599999999999996,7.76
외제차 suv 순위,1.0,19.0,0.0526,3.58
benz cla ev,1.0,19.0,0.0526,3.79
벤츠 cla ev,1.0,18.0,0.0556,3.33
수입 전기차 판매 순위,1.0,18.0,0.0556,7.11
차 프로모션,1.0,16.0,0.0625,7.31
테슬라 bms a079 디시,1.0,16.0,0.0625,8.56
bms a079 lfp,1.0,14.0,0.07139999999999999,5.36
320i m 스포츠 차이,1.0,14.0,0.07139999999999999,8.5
es90 배터리 제조사,1.0,12.0,0.0833,2.42
테슬라 ncm 배터리,1.0,11.0,0.0909,3.82
x5 신형,1.0,10.0,0.1,1.0
해외차,1.0,10.0,0.1,4.4
테슬라 보조금 2026,1.0,10.0,0.1,6.3
아이 오닉 9 보조금,1.0,10.0,0.1,8.8
2026 아우디 q3 가격,1.0,9.0,0.11109999999999999,6.78
국내 fsd 도입,1.0,9.0,0.11109999999999999,8.0
cla 350 4matic,1.0,9.0,0.11109999999999999,8.22
아이오닉v 가격,1.0,9.0,0.11109999999999999,9.56
전기차 보조금,1.0,8.0,0.125,4.88
ev4 판매량,1.0,8.0,0.125,6.88
bms 079 tesla,1.0,8.0,0.125,7.0
제네시스 풀체인지 시기,1.0,8.0,0.125,8.38
bmw 4월 프로모션,1.0,8.0,0.125,9.5
벤츠e200 아방가르드,1.0,7.0,0.1429,1.0
2026 전기차 판매 순위,1.0,7.0,0.1429,5.71
볼보 es90 출시일,1.0,7.0,0.1429,6.0
bmw할인 프로모션,1.0,7.0,0.1429,11.0
제네시스 gv60 마그마,1.0,7.0,0.1429,22.14
전기차 판매량 순위 2026,1.0,6.0,0.16670000000000001,6.0
g80,1.0,6.0,0.16670000000000001,7.0
bmw 6월프로모션,1.0,6.0,0.16670000000000001,7.33
ev5 옵션 추천,1.0,5.0,0.2,3.8
벤츠 판매량 순위,1.0,5.0,0.2,6.8
테슬라 전기차 가격표 2026,1.0,5.0,0.2,10.6
ev5 출고 후기,1.0,5.0,0.2,43.8
프로모션,1.0,4.0,0.25,1.5
2024 테슬라 모델y 1회 충전 주행거리,1.0,4.0,0.25,4.25
ev3 ev5 디시,1.0,4.0,0.25,5.25
bmw 딜러 사 순위 2025,1.0,4.0,0.25,6.0
cn8 가격,1.0,4.0,0.25,6.25
fsd lite korea,1.0,4.0,0.25,7.5
es90 출시,1.0,4.0,0.25,11.25
아우디a3 프로모션,1.0,4.0,0.25,11.5
제네시스 마그마 gv60,1.0,4.0,0.25,13.0
mb cla ev,1.0,3.0,0.3333,2.33
2026년 6월 수입차 판매량,1.0,3.0,0.3333,2.67
q3,1.0,3.0,0.3333,2.67
ev5 어스 롱레인지,1.0,3.0,0.3333,3.0
g90 페이스 리프트 출시일,1.0,3.0,0.3333,9.0
fsd 중국산,1.0,3.0,0.3333,14.67
glb 250+ eq,1.0,2.0,0.5,1.0
50위까지 알려줘,1.0,2.0,0.5,6.0
a3,1.0,2.0,0.5,6.0
g90 페이스리프트,1.0,2.0,0.5,6.5
q4 이트론 가격,1.0,2.0,0.5,6.5
중국산 fsd,1.0,2.0,0.5,20.5
2026 cla ev,1.0,1.0,1.0,1.0
glc eq ix3,1.0,1.0,1.0,1.0
v60cc,1.0,1.0,1.0,2.0
세단 전기차,1.0,1.0,1.0,2.0
3위는?,1.0,1.0,1.0,3.0
bmw는?,1.0,1.0,1.0,5.0
제네시스 g90 페이스리프트,1.0,1.0,1.0,5.0
중형차,1.0,1.0,1.0,5.0
bms a029,1.0,1.0,1.0,7.0
아우디 a3 실구매가,1.0,1.0,1.0,10.0
byd sealion 7 실구매가,1.0,1.0,1.0,16.0
한국 출시,1.0,1.0,1.0,19.0
자동차 판매순위,0.0,565.0,0.0,6.47
카피아,0.0,463.0,0.0,3.93
국내 자동차 판매량 순위,0.0,449.0,0.0,8.39
한국 자동차 판매 순위 오늘,0.0,424.0,0.0,4.7
전기차 충전기 불안정 bms 문제,0.0,336.0,0.0,9.08
아반떼 렌트비용,0.0,268.0,0.0,5.29
10월수입차프로모션,0.0,241.0,0.0,36.38
2025년 자동차 판매 순위,0.0,237.0,0.0,6.97
수입차프로모션,0.0,203.0,0.0,34.5
국내 자동차 판매 순위,0.0,194.0,0.0,7.35
판매량,0.0,186.0,0.0,7.41
자동차 판매량 순위 2025,0.0,176.0,0.0,8.01
국내차 판매순위,0.0,175.0,0.0,7.49
외제 차 브랜드 순위,0.0,171.0,0.0,1.88
국산차 브랜드,0.0,169.0,0.0,6.93
e200 amg,0.0,163.0,0.0,3.58
차 판매량 순위,0.0,161.0,0.0,6.45
국산 suv 가격 순위 2025,0.0,161.0,0.0,7.21
bms-a079,0.0,157.0,0.0,4.59
판매순위,0.0,131.0,0.0,6.53
폴스타 3 가격,0.0,131.0,0.0,8.98
아반떼 신차 장기렌트 월 납입금,0.0,129.0,0.0,3.71
2025 자동차 판매 순위,0.0,129.0,0.0,8.06
한국 자동차 판매량,0.0,126.0,0.0,8.29
차량 판매량,0.0,125.0,0.0,4.17
국산차 브랜드 순위,0.0,124.0,0.0,6.5
suv 판매순위,0.0,123.0,0.0,7.03
벤츠 cla 전기차,0.0,113.0,0.0,5.43
pv5 승용,0.0,111.0,0.0,2.29
수입자동차 브랜드,0.0,109.0,0.0,1.09
2025년 자동차 판매량,0.0,105.0,0.0,6.02
한국 자동차 회사 순위,0.0,105.0,0.0,8.15
2025 한국 전기차 판매 순위,0.0,101.0,0.0,8.07
전기차 종류 2026,0.0,100.0,0.0,7.92
차량 순위,0.0,87.0,0.0,6.53
기아 ev5,0.0,86.0,0.0,20.03
외제차 판매량 순위,0.0,85.0,0.0,2.8
한국 자동차 판매량 순위,0.0,84.0,0.0,7.07
차판매순위,0.0,79.0,0.0,5.33
스포티지 렌트,0.0,78.0,0.0,6.06
아이오닉5n 가격,0.0,78.0,0.0,8.85
2025년 차량 판매 순위,0.0,77.0,0.0,5.94
국산차,0.0,77.0,0.0,8.94
스포티지 장기렌트,0.0,76.0,0.0,6.0
테슬라 배터리 문제,0.0,76.0,0.0,7.14
25년 자동차 판매순위,0.0,75.0,0.0,4.65
수입차8월판매조건,0.0,74.0,0.0,9.22
수입자동차판매,0.0,74.0,0.0,12.38
2025 한국 자동차 판매 순위,0.0,72.0,0.0,7.68
벤츠 e200 amg line,0.0,71.0,0.0,1.37
아우디 q3 가격,0.0,71.0,0.0,1.66
한국 차 판매 순위,0.0,71.0,0.0,7.9
phev 뜻,0.0,71.0,0.0,8.44
자동차 인기순위,0.0,70.0,0.0,6.26
국내 전기차 판매 순위,0.0,69.0,0.0,7.86
외제차 브랜드 서열,0.0,67.0,0.0,3.9
아반떼 장기렌트 비용 디시,0.0,66.0,0.0,8.73
gv60 마그마,0.0,66.0,0.0,16.42
q3 가격,0.0,65.0,0.0,3.38
국산자동차,0.0,64.0,0.0,11.58
ev3,0.0,63.0,0.0,4.7
벤츠 e200 아방가르드,0.0,60.0,0.0,1.0
아이오닉5n 에센셜 차이,0.0,60.0,0.0,5.53
차량 판매량 순위,0.0,59.0,0.0,8.12
한국 수입차 판매순위,0.0,56.0,0.0,2.96
제네시스 g80 2026 년형,0.0,56.0,0.0,9.3
자동차 브랜드 순위,0.0,55.0,0.0,3.85
신차프로모션,0.0,55.0,0.0,26.24
25년 9월 차량판매순위,0.0,53.0,0.0,18.77
pv5 스타리아,0.0,52.0,0.0,5.58
테슬라 오류,0.0,52.0,0.0,7.79
한국 전기차 판매 순위 2025,0.0,52.0,0.0,8.29
장기 렌트,0.0,52.0,0.0,79.85
수입차9월프로모션,0.0,51.0,0.0,31.57
tesla bms_a079,0.0,50.0,0.0,1.0
차 판매순위,0.0,50.0,0.0,5.3
2025년 국내 자동차 판매량,0.0,49.0,0.0,7.78
2026 신차,0.0,49.0,0.0,9.71
카피아 후기,0.0,48.0,0.0,8.6
판매 순위,0.0,48.0,0.0,14.98
bmsa079,0.0,46.0,0.0,3.52
자동차 취득세 계산,0.0,45.0,0.0,8.67
아이오닉 5n 가격,0.0,45.0,0.0,8.71
벤츠 e200 amg,0.0,44.0,0.0,3.16
rv 차량 인기 순위,0.0,44.0,0.0,8.07
국내 수입자동차 판매량 순위 2025,0.0,43.0,0.0,3.07
아반떼 장기렌트 가격,0.0,43.0,0.0,5.91
bms079,0.0,43.0,0.0,7.51
ㄷㅍ5,0.0,43.0,0.0,11.81
2025 차량 판매 순위,0.0,42.0,0.0,7.98
국산 전기차 순위,0.0,42.0,0.0,8.86
국내자동차 판매순위,0.0,41.0,0.0,6.8
엔카 테슬라,0.0,40.0,0.0,9.03
sealion7 awd 인증,0.0,40.0,0.0,17.4
아반떼 렌트 비용,0.0,39.0,0.0,5.38
기아 ev3,0.0,39.0,0.0,5.41
자동차 브랜드 판매량 순위,0.0,39.0,0.0,6.72
차 판매량,0.0,39.0,0.0,7.15
자동차 가격 순위 2025,0.0,39.0,0.0,7.59
한국 자동차 브랜드,0.0,38.0,0.0,1.0
2025년 수입차 판매순위,0.0,38.0,0.0,2.82
bmw 할인 프로모션,0.0,38.0,0.0,7.79
한국 연간 자동차 판매량,0.0,38.0,0.0,11.26
아반떼 렌트카 비용,0.0,37.0,0.0,1.78
테슬라 bms 수리비,0.0,37.0,0.0,2.38
pv5 스타리아 비교,0.0,37.0,0.0,3.81
테슬라bms,0.0,37.0,0.0,4.35
bms_a079,0.0,37.0,0.0,7.68
국산 자동차,0.0,37.0,0.0,8.54
gv60 마력,0.0,37.0,0.0,9.27
주니퍼 bms a079,0.0,37.0,0.0,10.65
suv 판매량 순위,0.0,36.0,0.0,4.08
국산 명차 순위,0.0,36.0,0.0,6.92
테슬라 배터리 오류,0.0,36.0,0.0,8.22
대한민국 차 시장,0.0,35.0,0.0,39.74
수입차 인기 순위,0.0,34.0,0.0,1.94
2025년 수입차 판매량,0.0,34.0,0.0,5.41
자동차 순위 2025,0.0,34.0,0.0,5.94
외제차순위,0.0,34.0,0.0,11.59
suv 판매 순위,0.0,34.0,0.0,14.32
12월 프로모션,0.0,34.0,0.0,16.26
수입차3월프로모션,0.0,34.0,0.0,44.88
외제차 프로모션,0.0,33.0,0.0,9.88
벤츠 ev,0.0,32.0,0.0,1.5
테슬라 lfp,0.0,32.0,0.0,4.41
2026 cla,0.0,32.0,0.0,4.69
glb 전기차,0.0,32.0,0.0,6.91
ev5 전폭,0.0,32.0,0.0,7.31
2025 한국 수입차 판매 순위,0.0,31.0,0.0,4.13
2026년 전기차,0.0,30.0,0.0,1.0
아이오닉5 가격,0.0,30.0,0.0,1.2
자동차 매출 순위,0.0,30.0,0.0,5.27
g80 실구매가,0.0,29.0,0.0,5.83
tesla bms a079,0.0,29.0,0.0,7.03
이강인 차,0.0,29.0,0.0,8.48
cla eq,0.0,29.0,0.0,8.72
기아 ev5 가격,0.0,28.0,0.0,3.43
g80 신형,0.0,28.0,0.0,3.79
benz cla 2026,0.0,28.0,0.0,4.0
cla 전기차 세계일보,0.0,28.0,0.0,8.21
아이오닉 5 n 가격,0.0,27.0,0.0,5.07
cla 전기차 경향신문,0.0,27.0,0.0,5.96
2025년 국내 자동차 판매 순위,0.0,27.0,0.0,7.0
스포티지 장기렌트 월 렌트료 48개월,0.0,27.0,0.0,7.22
자동차 회사 순위,0.0,26.0,0.0,1.0
전기차 2026,0.0,26.0,0.0,1.0
ㅁㄴㅇㄹㅁㄴㅇㄹ,0.0,26.0,0.0,1.46
테슬라 bms 디시,0.0,26.0,0.0,3.31
a079 테슬라,0.0,26.0,0.0,5.58
2025년 자동차 판매량 순위,0.0,26.0,0.0,6.92
브랜드 별 자동차 생산량,0.0,26.0,0.0,8.31
2025년 한국에서 가장 많이 팔린 차모델,0.0,26.0,0.0,9.12
ev5 디시,0.0,26.0,0.0,18.0
자동차프로모션,0.0,26.0,0.0,35.0
suv판매순위,0.0,25.0,0.0,3.6
2025년 한국 자동차 판매 순위,0.0,25.0,0.0,7.48
glb,0.0,25.0,0.0,12.2
수입차10월판매조건,0.0,25.0,0.0,18.92
수입차 프로모션 사이트,0.0,25.0,0.0,22.32
ev5 가격,0.0,24.0,0.0,4.12
pv5 vs 스타리아,0.0,24.0,0.0,6.12
국내 자동차 판매순위,0.0,24.0,0.0,7.0
ev5 롱레인지 배터리,0.0,23.0,0.0,1.0
ev5 충전구,0.0,23.0,0.0,1.0
한국 자동차 판매량 순위 2025,0.0,23.0,0.0,7.57
제네시스 g80 2026 가격 공식,0.0,23.0,0.0,9.22
현대자동차 프로모션,0.0,23.0,0.0,10.09
2026 기아 ev5 차체 치수,0.0,22.0,0.0,1.09
bmw 5월 프로모션,0.0,22.0,0.0,7.95
"제한전압 ""blade battery"" -site:pinterest.com -site:ebay.com -site:amazon.com",0.0,22.0,0.0,8.05
국내 전기차 판매순위,0.0,22.0,0.0,8.41
전기차 실구매가,0.0,22.0,0.0,8.64
국산 차,0.0,22.0,0.0,8.82
ev9 단점,0.0,21.0,0.0,3.0
m850i 제원,0.0,21.0,0.0,6.14
국내 차 판매 순위,0.0,21.0,0.0,8.05
pv5 뜻,0.0,21.0,0.0,11.24
세계 자동차 판매량 순위 2025,0.0,21.0,0.0,21.05
한국 차 브랜드,0.0,20.0,0.0,1.0
인기외제차,0.0,20.0,0.0,3.05
국내 전기차 판매량 순위,0.0,20.0,0.0,6.6
2025년 한국 자동차 판매량,0.0,20.0,0.0,7.05
스포티지 렌트카 가격,0.0,20.0,0.0,7.6
cla 전기차 한국 뉴스,0.0,20.0,0.0,9.3
gv60 마그마 마력,0.0,20.0,0.0,9.9
아우디 가격 순위,0.0,20.0,0.0,10.45
2025 수입차 판매순위,0.0,19.0,0.0,3.37
스포티지 장기렌트 48개월 월 렌트료,0.0,19.0,0.0,4.79
제네시스 g80 재고 할인,0.0,19.0,0.0,8.37
폴 스타 3 실구매 가,0.0,19.0,0.0,8.58
국내차,0.0,19.0,0.0,8.79
현대차 프로모션,0.0,19.0,0.0,9.16
국내 자동차 점유율,0.0,19.0,0.0,15.16
자동차 프로모션,0.0,19.0,0.0,34.95
ev5 아이오닉5 비교,0.0,18.0,0.0,1.06
스타리아 pv5,0.0,18.0,0.0,4.06
외제차 브랜드,0.0,18.0,0.0,4.56
bmw 3시리즈 할인,0.0,18.0,0.0,6.28
자동차 취득세 과세표준 부가가치세 제외 신차 공식,0.0,18.0,0.0,6.67
세계 자동차 판매량 순위 2026,0.0,18.0,0.0,7.06
2026 제네시스 g80 가격 공식,0.0,18.0,0.0,9.83
미니쿠퍼 가격,0.0,17.0,0.0,1.0
자동차 기업 순위,0.0,17.0,0.0,1.29
수입자동차 판매량 순위 2025,0.0,17.0,0.0,3.18
5월 수입차 판매량,0.0,17.0,0.0,3.35
제네시스 g80,0.0,17.0,0.0,4.12
테슬라 bms오류,0.0,17.0,0.0,5.59
2025 한국 자동차 판매 순위,0.0,17.0,0.0,7.82
볼보 es90 제원,0.0,17.0,0.0,8.65
벤츠 cla 디시,0.0,17.0,0.0,8.94
자동차 취득세 등록세,0.0,17.0,0.0,10.47
국산자동차 가격 순위,0.0,17.0,0.0,18.76
수입자동차종류,0.0,17.0,0.0,26.82
ev5 충전,0.0,16.0,0.0,1.0
우리나라 자동차 브랜드,0.0,16.0,0.0,1.75
bmw 5월프로모션,0.0,16.0,0.0,3.19
ev5 충전시간,0.0,16.0,0.0,3.62
국내 자동차 브랜드,0.0,16.0,0.0,4.38
bmw 프로모션 할인,0.0,16.0,0.0,6.62
국내 자동차 기업 순위,0.0,16.0,0.0,7.0
2026 메르세데스-벤츠 e-class 아방가르드,0.0,16.0,0.0,8.0
아이 오닉 5 n 가격,0.0,16.0,0.0,9.25
벤츠 할인 프로모션,0.0,16.0,0.0,11.25
외제차프로모션,0.0,16.0,0.0,37.38
가격,0.0,15.0,0.0,2.53
es90 배터리,0.0,15.0,0.0,4.27
수입차신형,0.0,15.0,0.0,5.0
네,0.0,15.0,0.0,6.47
테슬라 배터리 결함,0.0,15.0,0.0,8.47
2022년 9월 자동차 판매량,0.0,15.0,0.0,9.0
q3 q4,0.0,15.0,0.0,9.4
제네시스 g90 풀체인지 가격,0.0,15.0,0.0,10.67
아우디 a6 풀체인지,0.0,15.0,0.0,11.6
수입차 프로모션 디시,0.0,15.0,0.0,11.73
수입차종,0.0,15.0,0.0,18.2
벤츠프로모션,0.0,15.0,0.0,19.93
ev5 주행거리,0.0,14.0,0.0,1.0
한국 자동차 브랜드 종류,0.0,14.0,0.0,1.0
아우디q3가격,0.0,14.0,0.0,1.57
전기차 판매 호조에 힘입어 테슬라가 bmw와 벤츠를 제치고 1위를 차지했습니다,0.0,14.0,0.0,2.0
suv 가격 순위 2025,0.0,14.0,0.0,4.64
25년 차량 판매 순위,0.0,14.0,0.0,4.93
차량판매량,0.0,14.0,0.0,5.07
세단 순위,0.0,14.0,0.0,5.57
기아 ev5 배터리 용량,0.0,14.0,0.0,5.71
아이오닉5 n 가격,0.0,14.0,0.0,5.71
ev5 논란,0.0,14.0,0.0,6.5
2025년 한국 전기차 판매 순위,0.0,14.0,0.0,7.79
신차 계약금,0.0,14.0,0.0,8.0
차량 취등록세 계산,0.0,14.0,0.0,8.5
제네시스 g80 가격 2026 공식,0.0,14.0,0.0,10.86
인기수입차,0.0,14.0,0.0,10.93
ev5 색상,0.0,13.0,0.0,2.31
국내 차 브랜드,0.0,13.0,0.0,2.46
국산 자동차 브랜드,0.0,13.0,0.0,4.38
g80 출고가,0.0,13.0,0.0,6.0
ioniq 5 가격,0.0,13.0,0.0,6.15
fsd,0.0,13.0,0.0,6.23
2025 한국 자동차 판매량 순위,0.0,13.0,0.0,6.54
q5 26년식,0.0,13.0,0.0,7.69
bmw 320i,0.0,13.0,0.0,8.23
제네시스 g80 가격 공식 2026,0.0,13.0,0.0,8.46
차량 취득세 계산,0.0,13.0,0.0,8.54
ev5 고질병,0.0,13.0,0.0,8.92
26년 전기차,0.0,13.0,0.0,10.62
제네시스 g80 가격표 2026 공식,0.0,13.0,0.0,10.62
bmw m850i 가격,0.0,13.0,0.0,10.77
미니쿠퍼 할인,0.0,13.0,0.0,11.0
수입자동차회사,0.0,13.0,0.0,27.23
수입자동차프로모션,0.0,13.0,0.0,41.92
폴스타3 보조금,0.0,12.0,0.0,5.33
cla 350,0.0,12.0,0.0,5.67
es90 예상 가격,0.0,12.0,0.0,6.08
기아 ev5 가격 한국,0.0,12.0,0.0,6.17
cla350,0.0,12.0,0.0,6.33
수입차 판매,0.0,12.0,0.0,6.67
폴스타3가격,0.0,12.0,0.0,8.42
fsd 한국 도입,0.0,12.0,0.0,8.58
판매량은,0.0,12.0,0.0,8.83
glc 프로모션,0.0,12.0,0.0,9.75
국산차 제로백 순위 2025,0.0,12.0,0.0,10.08
수입차 시승 예약,0.0,12.0,0.0,10.08
m850i 가격,0.0,12.0,0.0,10.92
폭스바겐 프로모션,0.0,12.0,0.0,10.92
미국 자동차 판매량 순위 2026,0.0,12.0,0.0,11.33
장기렌트 리스 차이,0.0,12.0,0.0,11.92
ev5 결함,0.0,12.0,0.0,12.08
외제차판매조건,0.0,12.0,0.0,22.67
bmw 프로모션 디시,0.0,12.0,0.0,27.42
수입차가격표,0.0,12.0,0.0,30.42
현대차 순위,0.0,11.0,0.0,1.0
mercedes cla 2026,0.0,11.0,0.0,2.45
2026 벤츠,0.0,11.0,0.0,3.09
ev5 문제점,0.0,11.0,0.0,3.09
주행거리,0.0,11.0,0.0,4.73
2026 자동차 판매 순위,0.0,11.0,0.0,5.36
byd 할부 프로그램,0.0,11.0,0.0,5.45
제네시스 g80 가격 2026,0.0,11.0,0.0,5.55
byd 테슬라 비교,0.0,11.0,0.0,6.45
신차 할부 구매 절차,0.0,11.0,0.0,6.91
자동차 취득세 비영업용 승용차 7% 공식,0.0,11.0,0.0,7.36
아우디프로모션,0.0,11.0,0.0,7.55
아이오닉9 지원금,0.0,11.0,0.0,7.64
a5 프로모션,0.0,11.0,0.0,7.82
자동차 판매 순위 2026,0.0,11.0,0.0,8.09
한국 전기차 순위,0.0,11.0,0.0,8.18
국내 자동차 브랜드 순위,0.0,11.0,0.0,8.55
자동차 취득세 과세표준 부가가치세 제외 공식,0.0,11.0,0.0,9.45
폴스타 3 한국 가격,0.0,11.0,0.0,10.0
아이오닉 5 가격,0.0,10.0,0.0,1.0
자동차회사 순위,0.0,10.0,0.0,1.0
ev3 단점,0.0,10.0,0.0,2.3
한국 외제차 판매순위,0.0,10.0,0.0,3.8
2026 메르세데스-벤츠 e-class 연비,0.0,10.0,0.0,4.6
벤츠 cla 2026,0.0,10.0,0.0,5.3
4월 프로모션,0.0,10.0,0.0,6.7
2025년 자동차 판매순위,0.0,10.0,0.0,7.9
bmw320i m sport,0.0,10.0,0.0,8.4
제네시스 g80 2026 가격표 공식,0.0,10.0,0.0,8.8
2025 한국 전기차 판매량 순위,0.0,10.0,0.0,9.1
테슬라 fsd 한국 출시 현황,0.0,10.0,0.0,9.1
2026 비엠더블유 2시리즈 가격,0.0,10.0,0.0,9.6
제네시스 g80 신형 출시일,0.0,10.0,0.0,10.8
외제 차 프로모션,0.0,10.0,0.0,17.6
씨라이언 6,0.0,10.0,0.0,17.9
ev,0.0,9.0,0.0,2.11
glb eqb,0.0,9.0,0.0,3.56
2025 국산차 판매순위,0.0,9.0,0.0,4.33
audi a6 가격,0.0,9.0,0.0,4.44
국산자동차 브랜드,0.0,9.0,0.0,4.44
국내판매,0.0,9.0,0.0,5.67
아우디 a6 트림,0.0,9.0,0.0,6.33
ev5 아이오닉5 크기 비교,0.0,9.0,0.0,6.67
suv 순위 2025,0.0,9.0,0.0,6.67
2026 경차 취득세 감면 한도 75만원 공식,0.0,9.0,0.0,6.78
fsd 도입,0.0,9.0,0.0,7.44
아반떼 렌트비,0.0,9.0,0.0,7.67
투아렉 프로모션,0.0,9.0,0.0,8.0
자동차 취득세 과세표준 부가가치세 제외 7% 공식,0.0,9.0,0.0,8.56
테슬라 fsd 한국 출시 일정,0.0,9.0,0.0,8.78
테슬라 엔카,0.0,9.0,0.0,9.44
2026 중고차 취득세 승용차 7% 공식,0.0,9.0,0.0,9.56
아반떼 cn8,0.0,9.0,0.0,9.89
현대차 가격 순위,0.0,9.0,0.0,10.11
테슬라 bms_a079,0.0,9.0,0.0,10.56
국산차 등급 표,0.0,9.0,0.0,10.78
320i 프로모션,0.0,9.0,0.0,11.56
수입차량,0.0,9.0,0.0,19.89
수입차판매조건,0.0,9.0,0.0,45.0
bmw x1 프로모션,0.0,8.0,0.0,1.0
e200amg,0.0,8.0,0.0,1.0
미니 쿠퍼 가격,0.0,8.0,0.0,1.0
벤츠e200 amg,0.0,8.0,0.0,1.0
볼보 suv 가격,0.0,8.0,0.0,1.0
자동차 업계 순위,0.0,8.0,0.0,1.0
ev5 페이스 리프트,0.0,8.0,0.0,1.12
ev5 vs 아이오닉5,0.0,8.0,0.0,1.75
mercedes cla ev,0.0,8.0,0.0,3.62
스포츠카 브랜드 순위,0.0,8.0,0.0,3.88
테슬라 5월 판매량,0.0,8.0,0.0,4.25
아우디 a6 가격,0.0,8.0,0.0,4.75
무공해차 통합누리집 아이오닉 9 보조금 2026,0.0,8.0,0.0,5.5
한국 전기차 판매 순위,0.0,8.0,0.0,5.5
2026 차량 판매 순위,0.0,8.0,0.0,6.62
테슬라 전환지원금,0.0,8.0,0.0,6.88
자동차 취득세 비영업용 승용자동차 7% 공식,0.0,8.0,0.0,7.75
폭스바겐 할인,0.0,8.0,0.0,7.75
제네시스 g80 2026,0.0,8.0,0.0,8.0
6월 자동차 판매량,0.0,8.0,0.0,8.12
제네시스 g80 가격 2026 공식 가격표,0.0,8.0,0.0,9.75
sealion 뜻,0.0,8.0,0.0,10.62
비엠 x4,0.0,8.0,0.0,11.25
아반떼 하루 렌트비,0.0,8.0,0.0,11.25
아이 오닉 5n 가격,0.0,8.0,0.0,12.12
아우디 a6 할인,0.0,8.0,0.0,12.38
리스 장기렌트 차이,0.0,8.0,0.0,12.62
부담 다운 프로모션,0.0,8.0,0.0,15.62
부담다운프로모션,0.0,8.0,0.0,16.12
kia ev5,0.0,8.0,0.0,27.25
테슬라 주니퍼 bms,0.0,8.0,0.0,32.12
자동차 프로모션 사이트,0.0,8.0,0.0,39.25
수입차 할인,0.0,8.0,0.0,42.62
bmw 전기차 가격,0.0,7.0,0.0,1.0
ev5 페이스리프트,0.0,7.0,0.0,1.0
벤츠 2026,0.0,7.0,0.0,1.0
자동차 회사 매출 순위,0.0,7.0,0.0,1.0
아이오닉5 ev5 비교,0.0,7.0,0.0,1.43
대한민국 자동차 브랜드,0.0,7.0,0.0,1.57
아이오닉5 vs ev5,0.0,7.0,0.0,1.71
외제차 종류,0.0,7.0,0.0,3.71
차량 브랜드 순위,0.0,7.0,0.0,3.71
시라이언 검정,0.0,7.0,0.0,3.86
2026년 자동차 판매순위,0.0,7.0,0.0,4.57
제네시스 마그마,0.0,7.0,0.0,5.14
2025년 9월 렉서스 아우디 프로모션,0.0,7.0,0.0,5.29
기아 ev5 제원,0.0,7.0,0.0,5.57
2026년 차량 판매 순위,0.0,7.0,0.0,5.86
스포티지 장기렌트 월 렌탈료 48개월 2만km,0.0,7.0,0.0,6.29
테슬라 국고보조금,0.0,7.0,0.0,6.43
벤츠 프로모션 2026,0.0,7.0,0.0,6.57
아우디 내부,0.0,7.0,0.0,6.57
2026 전기차 보조금 테슬라 모델 y 한국 환경부,0.0,7.0,0.0,6.71
제네시스 g90 풀체인지,0.0,7.0,0.0,7.0
투아렉 할인,0.0,7.0,0.0,7.0
국산차 판매 순위,0.0,7.0,0.0,7.14
2025 자동차 판매순위,0.0,7.0,0.0,7.29
기아 ev5 가격 한국,0.0,7.0,0.0,7.86
2026 메르세데스-벤츠 cla,0.0,7.0,0.0,8.29
자동차 취등록세 계산,0.0,7.0,0.0,9.0
2026 제네시스 g80 가격표 공식,0.0,7.0,0.0,10.57
자동차 취득세율,0.0,7.0,0.0,11.14
자동차취득세율,0.0,7.0,0.0,11.14
전세계 자동차 판매량 순위 2025,0.0,7.0,0.0,17.71
벤츠 프로모션,0.0,7.0,0.0,18.43
bms a079 디시,0.0,7.0,0.0,21.0
메르세데스 eqb,0.0,7.0,0.0,21.43
gv60 마그마 디시,0.0,7.0,0.0,25.0
수입차4월프로모션,0.0,7.0,0.0,50.0
carfia,0.0,6.0,0.0,1.0
스포티지 lpg 연비,0.0,6.0,0.0,1.0
한국차 브랜드,0.0,6.0,0.0,1.0
좋은 차 순위,0.0,6.0,0.0,1.33
pv5 서스펜션,0.0,6.0,0.0,1.5
"""현대오토에버"" 2025년 9월 9일",0.0,6.0,0.0,2.33
수입 자동차 종류,0.0,6.0,0.0,2.67
bmw glb,0.0,6.0,0.0,2.83
가격은?,0.0,6.0,0.0,3.0
glc 300 4m,0.0,6.0,0.0,3.17
기아 ev5 가격,0.0,6.0,0.0,3.83
테슬라 모델 y,0.0,6.0,0.0,4.0
제네시스 풀체인지 일정,0.0,6.0,0.0,4.17
2025년 한국 자동차 판매 순위,0.0,6.0,0.0,4.67
ev5가격,0.0,6.0,0.0,5.17
5월 자동차 판매량,0.0,6.0,0.0,5.5
무공해차 통합누리집 아이오닉9 보조금 2026,0.0,6.0,0.0,5.83
"123,000원",0.0,6.0,0.0,6.33
신형 아우디 a6 가격,0.0,6.0,0.0,7.5
아반떼 장기렌트비용 디시,0.0,6.0,0.0,7.67
2025년 9월 렉서스 아우디 프로모션 or 할인 or 이벤트,0.0,6.0,0.0,8.17
현대차 2026년 6월 판매 실적 공식,0.0,6.0,0.0,8.33
국내 전기차 순위,0.0,6.0,0.0,8.33
kia순위,0.0,6.0,0.0,8.5
국내 판매,0.0,6.0,0.0,9.0
2025 자동차 판매량 순위,0.0,6.0,0.0,9.33
bmw프로모션,0.0,6.0,0.0,9.33
자동차 브랜드 순위 2025,0.0,6.0,0.0,9.33
자동차취등록세 계산,0.0,6.0,0.0,9.33
아이 오닉 v 가격,0.0,6.0,0.0,9.5
자동차 등록세 취득세,0.0,6.0,0.0,9.5
제네시스 g80 2026 가격 제원 공식,0.0,6.0,0.0,9.83
볼보 프로모션,0.0,6.0,0.0,9.83
bmw 11,0.0,6.0,0.0,10.0
ev5 전장,0.0,6.0,0.0,10.17
카피아 디시,0.0,6.0,0.0,11.17
전기차 추천 2026,0.0,6.0,0.0,11.83
320i m 스포츠,0.0,6.0,0.0,13.0
벤츠 클래스 순위 디시,0.0,6.0,0.0,14.0
테슬라 byd,0.0,6.0,0.0,15.33
gv60 마그마 판매량,0.0,6.0,0.0,20.17
기아ev5,0.0,6.0,0.0,20.67
byd 전기차,0.0,6.0,0.0,20.83
"""gv60 마그마"" and ""제네시스""",0.0,6.0,0.0,25.0
수입신차가격,0.0,6.0,0.0,30.83
자동차 3월 프로모션,0.0,6.0,0.0,30.83
ev5 배터리,0.0,6.0,0.0,33.17
신차 할인 프로모션,0.0,6.0,0.0,39.33
수입외제차,0.0,6.0,0.0,45.5
수입차할인,0.0,6.0,0.0,56.17
2026년 신차,0.0,5.0,0.0,1.0
330i m sport,0.0,5.0,0.0,1.0
5월 전기차 판매량,0.0,5.0,0.0,1.0
bms_a079 tesla,0.0,5.0,0.0,1.0
bmw 330i m sport,0.0,5.0,0.0,1.0
ev5 택시,0.0,5.0,0.0,1.0
ioniq 5 n,0.0,5.0,0.0,1.0
벤츠 4matic,0.0,5.0,0.0,1.0
벤츠 glc 300e 4matic,0.0,5.0,0.0,1.0
아반떼 렌트카,0.0,5.0,0.0,1.0
한국 자동차 점유율,0.0,5.0,0.0,1.0
국산 차 브랜드,0.0,5.0,0.0,1.4
cla amg ev,0.0,5.0,0.0,1.8
수입자동차,0.0,5.0,0.0,1.8
국내 자동차 기업,0.0,5.0,0.0,2.0
ev5 wltp,0.0,5.0,0.0,2.6
g90 풀체인지,0.0,5.0,0.0,2.6
pv5 크기 비교,0.0,5.0,0.0,2.6
한국에서 인기가 많은 수입 suv 모델은 무엇인가요? (in south korea. be sure to reply in korean),0.0,5.0,0.0,2.6
"한국에서 구매할 수 있는 수입 suv top 10은 어떤 모델인가요? (in south korea. be sure to reply in 
korean)",0.0,5.0,0.0,2.8
ev5 7인승,0.0,5.0,0.0,3.0
5월 자동차 판매 순위,0.0,5.0,0.0,3.2
byd,0.0,5.0,0.0,3.2
외제차 브랜드 종류,0.0,5.0,0.0,3.4
수입차,0.0,5.0,0.0,3.8
테슬라 6월 판매량,0.0,5.0,0.0,3.8
26년 6월 자동차 판매량,0.0,5.0,0.0,4.2
전기차 판매량 순위,0.0,5.0,0.0,4.8
6월 자동차 판매순위,0.0,5.0,0.0,5.4
5월 수입차 판매순위,0.0,5.0,0.0,6.0
스포티지 장기렌트 월 렌트료,0.0,5.0,0.0,6.0
국내 차,0.0,5.0,0.0,6.0
bmw 320i m sport 실구매 가,0.0,5.0,0.0,6.6
bmw x4 xdrive20i,0.0,5.0,0.0,6.6
byd 자체 보조금,0.0,5.0,0.0,7.0
기아 전기차 ev5,0.0,5.0,0.0,7.0
전기차 외제차,0.0,5.0,0.0,7.4
신차 판매량,0.0,5.0,0.0,7.6
bmw x4 프로모션,0.0,5.0,0.0,7.8
tesla bms error,0.0,5.0,0.0,7.8
tesla bms a079 issue,0.0,5.0,0.0,8.0
2026 자동차 취득세 승용차 7% 공식,0.0,5.0,0.0,8.6
ev5 최고속도,0.0,5.0,0.0,9.0
carfia 에비에이터 25년식 할인 추이,0.0,5.0,0.0,9.2
아우디a6 풀체인지,0.0,5.0,0.0,9.4
자동차 취등록세 기준,0.0,5.0,0.0,9.4
bmw 가격 순위 2025,0.0,5.0,0.0,9.8
아반떼 하루 렌트 비용,0.0,5.0,0.0,10.2
2026 기아 ev5 어스,0.0,5.0,0.0,10.4
리스와 장기렌트 차이,0.0,5.0,0.0,10.4
자동차 등록세,0.0,5.0,0.0,10.8
자동차등록세,0.0,5.0,0.0,11.0
아반떼 한달 렌트비,0.0,5.0,0.0,11.2
신차계약,0.0,5.0,0.0,11.4
핫딜,0.0,5.0,0.0,11.6
아우디 a6 45 tfsi 가격,0.0,5.0,0.0,12.8
아반떼 판매량,0.0,5.0,0.0,15.0
ev3 ev5 비교,0.0,5.0,0.0,17.8
국산 suv 가격 순위,0.0,5.0,0.0,19.2
벤츠 판매량,0.0,5.0,0.0,22.0
외제 차 브랜드 서열,0.0,5.0,0.0,23.0
민대표,0.0,5.0,0.0,24.4
gv60 magma,0.0,5.0,0.0,25.8
테슬라 배터리 보증,0.0,5.0,0.0,29.8
한국 자동차 판매량 순위 2024,0.0,5.0,0.0,38.0
외제자동차가격,0.0,5.0,0.0,43.6
3월 프로모션,0.0,4.0,0.0,1.0
7월 프로모션,0.0,4.0,0.0,1.0
bmw 가격,0.0,4.0,0.0,1.0
ev5 차박,0.0,4.0,0.0,1.0
ev5 트림별 차이,0.0,4.0,0.0,1.0
glc300 amg,0.0,4.0,0.0,1.0
레이 장기렌트 비용,0.0,4.0,0.0,1.0
벤츠 아방가르드 e200,0.0,4.0,0.0,1.0
아이오닉5n 마력,0.0,4.0,0.0,1.0
아이오닉5가격,0.0,4.0,0.0,1.0
장기렌트 아반떼,0.0,4.0,0.0,1.0
테슬라 무이자 프로모션,0.0,4.0,0.0,1.0
현대자동차 순위,0.0,4.0,0.0,1.0
어코드,0.0,4.0,0.0,1.75
외제차 전기차,0.0,4.0,0.0,1.75
"""현대오토에버"" ""2025년 9월 9일""",0.0,4.0,0.0,2.0
아반떼,0.0,4.0,0.0,2.0
q3가격,0.0,4.0,0.0,2.5
실구매가,0.0,4.0,0.0,2.5
테슬라,0.0,4.0,0.0,2.5
외제차 판매 순위,0.0,4.0,0.0,2.75
최근 인기 있는 수입 suv 모델 리스트 알려주세요. (in south korea. be sure to reply in korean),0.0,4.0,0.0,2.75
외국 자동차 브랜드,0.0,4.0,0.0,3.0
20위까지,0.0,4.0,0.0,3.25
알려줘,0.0,4.0,0.0,3.5
자동차브랜드 순위,0.0,4.0,0.0,3.5
아이오닉9,0.0,4.0,0.0,4.0
2026 5월 자동차 판매량,0.0,4.0,0.0,4.25
2026년 자동차 판매량,0.0,4.0,0.0,4.25
tesla bms issue,0.0,4.0,0.0,4.25
아반떼 한달 유지비,0.0,4.0,0.0,4.25
외국 차 브랜드,0.0,4.0,0.0,4.25
기아 ev5 국내 출시,0.0,4.0,0.0,4.5
자동차 취득세 비영업용 승용차 7% 공식 2026,0.0,4.0,0.0,4.5
외제차 서열,0.0,4.0,0.0,4.5
아우디 q5 할인,0.0,4.0,0.0,4.75
아우디a6가격,0.0,4.0,0.0,4.75
제네시스g80,0.0,4.0,0.0,4.75
2026년 5월 자동차 판매 순위,0.0,4.0,0.0,5.0
외국차 브랜드,0.0,4.0,0.0,5.0
bmw,0.0,4.0,0.0,5.25
자동차 취득세 승용차 7% 공식,0.0,4.0,0.0,5.25
카피 아 구매 후기,0.0,4.0,0.0,5.25
6월 차량 판매 순위,0.0,4.0,0.0,5.5
위택스 자동차 취득세 비영업용 승용자동차 7%,0.0,4.0,0.0,5.5
자동차 취득세 승용차 7% 공식 2026,0.0,4.0,0.0,5.5
테슬라 bms a079 오류,0.0,4.0,0.0,5.5
한국 전기차 판매 순위 2025,0.0,4.0,0.0,5.5
2025년 9월 렉서스 아우디 프로모션 할인,0.0,4.0,0.0,5.75
ev cla,0.0,4.0,0.0,5.75
수입차판매량,0.0,4.0,0.0,5.75
5월 프로모션,0.0,4.0,0.0,6.0
glb tech,0.0,4.0,0.0,6.25
bms a 079,0.0,4.0,0.0,6.5
기아전기차ev5,0.0,4.0,0.0,6.5
아우디 a6가격,0.0,4.0,0.0,6.5
"""현대오토에버"" 2025년 9월 뉴스",0.0,4.0,0.0,6.75
tesla bms a079 error,0.0,4.0,0.0,6.75
스타리아 판매량,0.0,4.0,0.0,6.75
자동차 순위 2026,0.0,4.0,0.0,6.75
아반떼 리스,0.0,4.0,0.0,7.0
아반떼 프로모션,0.0,4.0,0.0,7.0
황희찬 스포츠카,0.0,4.0,0.0,7.0
2026 자동차 취득세 비영업용 승용차 7% 공식,0.0,4.0,0.0,7.25
전기차 취등록세 계산,0.0,4.0,0.0,7.25
첫차 가격,0.0,4.0,0.0,7.25
ev 5,0.0,4.0,0.0,7.5
제네시스 g80 2026 가격,0.0,4.0,0.0,7.5
첫 차 추천,0.0,4.0,0.0,7.5
25년 자동차 판매량,0.0,4.0,0.0,7.75
국산차 자동차 가격 순위,0.0,4.0,0.0,7.75
지커 7x,0.0,4.0,0.0,7.75
ev5 크기 비교,0.0,4.0,0.0,8.0
g80 2026,0.0,4.0,0.0,8.0
ix5 예상 가격,0.0,4.0,0.0,8.0
아우디 a6 풀 옵션 가격,0.0,4.0,0.0,8.0
제네시스 g90,0.0,4.0,0.0,8.0
주행 거리,0.0,4.0,0.0,8.0
한국 fsd,0.0,4.0,0.0,8.0
g80 후면,0.0,4.0,0.0,8.25
bmw eqb,0.0,4.0,0.0,8.5
외제차 유지비 현실,0.0,4.0,0.0,8.5
ncm lfp,0.0,4.0,0.0,8.75
스포티지 장기렌트 가격 48개월 2만km,0.0,4.0,0.0,8.75
테슬라 자체보조금,0.0,4.0,0.0,8.75
lfp ncm,0.0,4.0,0.0,9.0
스포티지 장기렌트 48개월 무보증 월 렌트료,0.0,4.0,0.0,9.5
차량취득세 계산,0.0,4.0,0.0,9.5
ev5 전기차,0.0,4.0,0.0,9.75
전기차 순위 2026,0.0,4.0,0.0,9.75
중국 전기차 가격,0.0,4.0,0.0,10.0
자동차 취득세 등록세 계산,0.0,4.0,0.0,10.25
작년 한국에서 가장 많이 팔린 차모델,0.0,4.0,0.0,10.5
폴스타 3가격,0.0,4.0,0.0,10.5
2026 국내 모터쇼 일정,0.0,4.0,0.0,10.75
수입 전기차 추천,0.0,4.0,0.0,12.25
320im sport,0.0,4.0,0.0,13.0
fsd lite 한국,0.0,4.0,0.0,13.25
bms a079 tesla,0.0,4.0,0.0,13.5
벤츠 glb 디시,0.0,4.0,0.0,14.0
신차 계약 취소 패널티,0.0,4.0,0.0,15.5
전기차 보조금 계산기 2026,0.0,4.0,0.0,16.25
테슬라 lfp bms,0.0,4.0,0.0,16.5
리스 렌트 차이,0.0,4.0,0.0,18.0
fsd lite 한국 배포,0.0,4.0,0.0,18.5
아우디 q3,0.0,4.0,0.0,18.75
정액트림,0.0,4.0,0.0,18.75
ev5 연비,0.0,4.0,0.0,27.25
국내 자동차 판매량 순위 2024,0.0,4.0,0.0,29.5
전기차추천,0.0,4.0,0.0,30.75
현대자동차 판매량 순위,0.0,4.0,0.0,33.0
2026신차,0.0,3.0,0.0,1.0
bmw전기차가격,0.0,3.0,0.0,1.0
ev5 ev3 비교,0.0,3.0,0.0,1.0
ev5 시승기,0.0,3.0,0.0,1.0
ev5 제원,0.0,3.0,0.0,1.0
glc 300 amg,0.0,3.0,0.0,1.0
고급 외제 차 브랜드 순위,0.0,3.0,0.0,1.0
국내 자동차 시장 점유율,0.0,3.0,0.0,1.0
기아 ev5 배터리,0.0,3.0,0.0,1.0
미니 쿠페 가격,0.0,3.0,0.0,1.0
아반떼 리스 비용,0.0,3.0,0.0,1.0
아이 오닉 5 가격,0.0,3.0,0.0,1.0
아이오닉9 가격표,0.0,3.0,0.0,1.0
전기차 주행 거리 순위 2026,0.0,3.0,0.0,1.0
테슬라 보증기간,0.0,3.0,0.0,1.0
한국 자동차 회사,0.0,3.0,0.0,1.0
suv 외제차 순위,0.0,3.0,0.0,1.67
단점,0.0,3.0,0.0,1.67
신차,0.0,3.0,0.0,1.67
외제 차 판매순위,0.0,3.0,0.0,1.67
응,0.0,3.0,0.0,1.67
bmw 3s,0.0,3.0,0.0,2.0
ev5는,0.0,3.0,0.0,2.0
vinfast,0.0,3.0,0.0,2.0
기아 ev5 국내 출시 2025 공식,0.0,3.0,0.0,2.0
비교,0.0,3.0,0.0,2.0
아우디,0.0,3.0,0.0,2.0
쿠퍼 가격,0.0,3.0,0.0,2.0
320i 할인,0.0,3.0,0.0,2.33
ev5 색상 추천,0.0,3.0,0.0,2.33
아이 오닉 9 가격표,0.0,3.0,0.0,2.33
하이브리드 자동차 순위,0.0,3.0,0.0,2.33
m 스포츠 패키지 차이,0.0,3.0,0.0,2.67
미니월,0.0,3.0,0.0,2.67
아우디는,0.0,3.0,0.0,2.67
자동차 브랜드 서열,0.0,3.0,0.0,2.67
bmw 7월프로모션,0.0,3.0,0.0,3.0
bmw 1월 프로모션,0.0,3.0,0.0,3.33
g80 트림,0.0,3.0,0.0,3.33
기아ev5가격,0.0,3.0,0.0,3.33
외국자동차종류,0.0,3.0,0.0,3.33
외국차종류,0.0,3.0,0.0,3.33
ev5 장점,0.0,3.0,0.0,3.67
기아자동차 4월 구매혜택,0.0,3.0,0.0,3.67
자동차 취득세 세율,0.0,3.0,0.0,3.67
차 순위,0.0,3.0,0.0,3.67
제네시스 g80 가격,0.0,3.0,0.0,4.0
benz cla eq,0.0,3.0,0.0,4.33
eqb glb,0.0,3.0,0.0,4.33
개소세 인상,0.0,3.0,0.0,4.33
lfp 테슬라,0.0,3.0,0.0,4.67
차 브랜드 순위,0.0,3.0,0.0,4.67
cla 신형,0.0,3.0,0.0,5.0
아우디a6 가격,0.0,3.0,0.0,5.33
ev5 가격,0.0,3.0,0.0,5.67
자동차 취득세 과세표준 부가가치세 제외 차량가격 7% 공식,0.0,3.0,0.0,5.67
아우디 a6 풀옵션 가격,0.0,3.0,0.0,5.67
2026년 5월 자동차 판매량,0.0,3.0,0.0,6.0
byd 한국 판매량 2026,0.0,3.0,0.0,6.0
무공해차 통합누리집 2026 테슬라 모델 y 보조금,0.0,3.0,0.0,6.0
제네시스 g90 가격 공식 2026,0.0,3.0,0.0,6.0
월별 자동차 판매량,0.0,3.0,0.0,6.0
이브이5,0.0,3.0,0.0,6.0
2026 대한민국 테슬라 모델 y 전기차 보조금 2026,0.0,3.0,0.0,6.33
es90 800v,0.0,3.0,0.0,6.33
ev5 풀옵션 가격,0.0,3.0,0.0,6.33
mercedes cla 350 4matic,0.0,3.0,0.0,6.33
자동차 등록세 폐지 취득세 통합 공식,0.0,3.0,0.0,6.33
자동차 취득세 과세표준 부가가치세 제외 신차 7% 공식,0.0,3.0,0.0,6.33
자동차 취등록세 계산 방법,0.0,3.0,0.0,6.33
전국적으로 시승 센터가 잘 갖춰져 있어 원하는 모델을 충분히 타보고 결정할 수 있는 브랜드는 어디인가요?,0.0,3.0,0.0,6.33
전기차 가격,0.0,3.0,0.0,6.33
테슬라 가격 보조금,0.0,3.0,0.0,6.33
2025년 국내 전기차 판매량 순위,0.0,3.0,0.0,7.0
bmw10,0.0,3.0,0.0,7.0
스포티지 장기렌트 월 렌트료 48개월 2만km,0.0,3.0,0.0,7.67
자동차 취득세 승용차 7% 지방세법 공식,0.0,3.0,0.0,7.67
외제 차 가격 순위,0.0,3.0,0.0,7.67
x4 xdrive20i,0.0,3.0,0.0,8.0
제네시스 g80 가격표 2026 공식 pdf,0.0,3.0,0.0,8.0
더,0.0,3.0,0.0,8.0
순위,0.0,3.0,0.0,8.0
자동차 등록세 계산,0.0,3.0,0.0,8.0
전기차 판매 순위 2025,0.0,3.0,0.0,8.0
차량등록세,0.0,3.0,0.0,8.0
지방세법 승용자동차 취득세 7%,0.0,3.0,0.0,8.67
제네시스 가격,0.0,3.0,0.0,8.67
시라이온,0.0,3.0,0.0,9.0
2026 제네시스 g80 가격표,0.0,3.0,0.0,9.33
es90,0.0,3.0,0.0,9.33
아우디 a6 신형 가격,0.0,3.0,0.0,9.33
아이오닉 5 n 출시 가격,0.0,3.0,0.0,9.33
a6 가격,0.0,3.0,0.0,9.67
bms a,0.0,3.0,0.0,9.67
.glb,0.0,3.0,0.0,10.0
기아 ev5 페이스리프트,0.0,3.0,0.0,10.0
한국 suv 순위,0.0,3.0,0.0,10.0
리스와 렌트 차이,0.0,3.0,0.0,10.33
